user_id,song_id,timestamp,duration_sec
user_1,song_55,2025-04-10 05:17:57,72
user_1,song_49,2025-04-06 05:20:57,266
user_1,song_7,2025-04-10 08:48:57,264
user_1,song_55,2025-04-04 12:34:57,214
user_1,song_34,2025-03-30 20:21:57,114
user_1,song_58,2025-04-09 03:03:57,34
user_1,song_72,2025-04-04 10:53:57,30
user_1,song_75,2025-03-29 19:33:57,226
user_1,song_78,2025-04-09 07:28:57,104
user_1,song_75,2025-04-04 20:32:57,128
user_1,song_7,2025-04-08 13:57:57,174
user_1,song_58,2025-04-05 08:45:57,70
user_1,song_35,2025-03-30 18:54:57,295
user_1,song_43,2025-04-07 09:04:57,246
user_1,song_89,2025-03-31 02:53:57,35
user_1,song_34,2025-03-29 00:15:57,48
user_1,song_43,2025-04-10 04:12:57,248
user_1,song_55,2025-04-07 20:05:57,300
user_1,song_25,2025-04-03 15:27:57,270
user_1,song_58,2025-04-05 06:51:57,186
user_1,song_87,2025-04-04 09:39:57,220
user_1,song_75,2025-04-01 23:21:57,251
user_1,song_75,2025-04-01 20:30:57,264
user_1,song_7,2025-04-02 17:02:57,107
user_1,song_75,2025-04-09 07:39:57,51
user_1,song_87,2025-03-29 08:21:57,105
user_1,song_35,2025-04-02 22:05:57,166
user_1,song_18,2025-04-05 10:52:57,204
user_1,song_87,2025-04-09 19:55:57,264
user_1,song_18,2025-03-31 20:22:57,88
user_1,song_75,2025-04-01 07:49:57,79
user_1,song_35,2025-04-09 10:09:57,55
user_1,song_89,2025-04-02 06:48:57,161
user_1,song_18,2025-04-03 04:18:57,252
user_1,song_35,2025-04-06 16:09:57,163
user_1,song_75,2025-03-30 14:35:57,35
user_1,song_43,2025-04-03 07:52:57,149
user_1,song_89,2025-03-29 04:54:57,233
user_1,song_35,2025-04-05 15:11:57,30
user_1,song_34,2025-03-31 11:54:57,66
user_1,song_18,2025-04-08 21:08:57,113
user_1,song_18,2025-04-06 16:05:57,31
user_1,song_87,2025-04-05 08:31:57,61
user_1,song_7,2025-04-01 02:20:57,78
user_1,song_35,2025-04-03 11:55:57,63
user_1,song_98,2025-04-10 06:56:57,267
user_1,song_43,2025-04-09 07:01:57,296
user_1,song_35,2025-04-08 05:10:57,153
user_1,song_55,2025-04-05 22:44:57,258
user_1,song_68,2025-03-31 06:49:57,210
user_1,song_63,2025-04-07 17:58:57,105
user_1,song_34,2025-04-08 03:28:57,149
user_1,song_63,2025-04-11 01:42:57,93
user_1,song_78,2025-04-07 12:21:57,191
user_1,song_61,2025-04-06 10:37:57,277
user_1,song_79,2025-04-09 17:59:57,156
user_1,song_75,2025-04-08 16:11:57,293
user_1,song_58,2025-04-03 13:13:57,225
user_1,song_65,2025-03-29 20:24:57,156
user_1,song_87,2025-04-04 00:52:57,108
user_1,song_75,2025-03-31 23:21:57,288
user_1,song_87,2025-03-31 18:05:57,288
user_1,song_7,2025-03-29 00:26:57,242
user_1,song_55,2025-04-10 02:01:57,94
user_1,song_78,2025-04-07 03:30:57,201
user_1,song_75,2025-04-08 17:13:57,52
user_1,song_43,2025-04-01 08:49:57,150
user_1,song_87,2025-04-04 08:16:57,117
user_1,song_34,2025-04-08 15:03:57,87
user_1,song_89,2025-04-08 10:31:57,94
user_1,song_58,2025-04-08 15:40:57,169
user_1,song_78,2025-04-05 00:08:57,76
user_1,song_78,2025-03-31 13:23:57,119
user_1,song_75,2025-04-05 20:33:57,256
user_1,song_75,2025-04-05 06:15:57,103
user_1,song_49,2025-04-05 23:21:57,47
user_1,song_55,2025-04-01 11:19:57,77
user_1,song_87,2025-04-05 13:16:57,76
user_1,song_78,2025-03-29 09:38:57,232
user_1,song_34,2025-03-28 18:11:57,162
user_1,song_49,2025-04-08 07:58:57,129
user_1,song_78,2025-03-30 10:03:57,186
user_1,song_18,2025-03-30 22:30:57,129
user_1,song_89,2025-03-30 15:47:57,297
user_1,song_53,2025-04-08 04:24:57,144
user_1,song_55,2025-04-01 01:10:57,53
user_1,song_55,2025-04-04 19:39:57,67
user_1,song_49,2025-04-03 20:59:57,31
user_1,song_7,2025-04-05 07:18:57,32
user_1,song_89,2025-04-07 20:15:57,291
user_1,song_22,2025-04-10 14:54:57,186
user_1,song_49,2025-04-11 10:05:57,209
user_1,song_49,2025-03-30 19:41:57,181
user_1,song_35,2025-03-30 09:14:57,120
user_1,song_29,2025-04-01 16:07:57,280
user_1,song_18,2025-04-05 08:50:57,108
user_1,song_7,2025-04-02 09:04:57,99
user_1,song_58,2025-03-31 22:29:57,202
user_1,song_87,2025-03-29 16:47:57,54
user_1,song_58,2025-04-03 07:10:57,178
user_2,song_84,2025-03-29 08:23:57,159
user_2,song_75,2025-04-02 04:52:57,63
user_2,song_20,2025-04-04 08:00:57,151
user_2,song_63,2025-04-03 08:08:57,198
user_2,song_43,2025-04-05 01:33:57,243
user_2,song_58,2025-04-08 15:49:57,116
user_2,song_89,2025-04-07 13:16:57,285
user_2,song_94,2025-03-29 11:04:57,107
user_2,song_43,2025-04-02 22:40:57,88
user_2,song_78,2025-04-06 07:57:57,128
user_2,song_75,2025-04-10 21:41:57,250
user_2,song_7,2025-03-29 11:22:57,42
user_2,song_25,2025-04-03 07:53:57,236
user_2,song_49,2025-04-03 08:38:57,32
user_2,song_18,2025-04-06 02:37:57,92
user_2,song_75,2025-04-02 15:19:57,72
user_2,song_43,2025-04-11 08:18:57,104
user_2,song_75,2025-04-09 22:45:57,221
user_2,song_78,2025-04-06 16:04:57,148
user_2,song_87,2025-03-30 08:07:57,214
user_2,song_39,2025-04-02 13:30:57,223
user_2,song_18,2025-04-09 23:36:57,269
user_2,song_43,2025-04-04 13:13:57,192
user_2,song_67,2025-03-31 20:57:57,127
user_2,song_18,2025-04-02 15:51:57,101
user_2,song_63,2025-04-05 19:06:57,77
user_2,song_87,2025-04-10 10:21:57,158
user_2,song_55,2025-04-04 01:04:57,288
user_2,song_7,2025-04-10 08:16:57,106
user_2,song_63,2025-04-09 14:37:57,183
user_2,song_63,2025-04-09 00:51:57,76
user_2,song_49,2025-03-31 22:44:57,98
user_2,song_35,2025-03-31 06:04:57,201
user_2,song_62,2025-04-10 08:40:57,174
user_2,song_18,2025-04-05 21:29:57,238
user_2,song_58,2025-04-11 09:06:57,203
user_2,song_75,2025-03-30 16:12:57,138
user_2,song_35,2025-04-07 17:21:57,231
user_2,song_75,2025-04-07 05:03:57,76
user_2,song_75,2025-04-10 06:41:57,267
user_2,song_34,2025-04-02 22:16:57,172
user_2,song_78,2025-03-29 22:26:57,273
user_2,song_43,2025-04-02 09:02:57,247
user_2,song_35,2025-04-03 02:14:57,266
user_2,song_43,2025-04-02 00:21:57,77
user_2,song_49,2025-04-04 21:30:57,246
user_2,song_49,2025-04-08 08:47:57,67
user_2,song_34,2025-04-01 16:17:57,90
user_2,song_63,2025-04-06 07:29:57,118
user_2,song_59,2025-04-08 02:58:57,40
user_2,song_75,2025-03-31 03:07:57,285
user_2,song_32,2025-03-29 12:19:57,266
user_2,song_22,2025-04-11 01:42:57,167
user_2,song_87,2025-04-11 07:22:57,162
user_2,song_24,2025-04-08 05:36:57,151
user_2,song_7,2025-04-06 19:35:57,250
user_2,song_63,2025-04-08 07:41:57,197
user_2,song_87,2025-04-01 09:55:57,56
user_2,song_58,2025-03-30 04:44:57,216
user_2,song_63,2025-04-01 00:44:57,176
user_2,song_18,2025-04-11 15:11:57,226
user_2,song_55,2025-04-02 22:39:57,69
user_2,song_29,2025-04-02 12:10:57,297
user_2,song_3,2025-04-04 01:32:57,162
user_2,song_75,2025-03-29 16:17:57,231
user_2,song_35,2025-04-10 14:09:57,230
user_2,song_87,2025-04-10 11:49:57,94
user_2,song_55,2025-04-05 13:43:57,199
user_2,song_43,2025-04-05 16:36:57,139
user_2,song_34,2025-04-07 11:57:57,251
user_2,song_63,2025-03-29 03:54:57,59
user_2,song_55,2025-04-08 12:45:57,267
user_2,song_63,2025-04-02 09:17:57,215
user_2,song_75,2025-03-31 15:33:57,116
user_2,song_49,2025-04-02 01:17:57,198
user_2,song_60,2025-04-05 12:37:57,261
user_2,song_63,2025-04-10 01:15:57,288
user_2,song_58,2025-04-09 17:01:57,148
user_2,song_85,2025-04-02 04:25:57,257
user_2,song_18,2025-04-06 13:59:57,133
user_2,song_75,2025-04-03 17:06:57,171
user_2,song_75,2025-03-29 20:14:57,215
user_2,song_7,2025-04-10 15:43:57,119
user_2,song_89,2025-03-31 12:27:57,45
user_2,song_55,2025-03-28 20:13:57,45
user_2,song_45,2025-04-01 18:38:57,100
user_2,song_75,2025-04-06 18:52:57,127
user_2,song_35,2025-04-11 13:13:57,102
user_2,song_35,2025-04-02 10:34:57,110
user_2,song_43,2025-04-02 17:11:57,147
user_2,song_89,2025-04-05 12:22:57,171
user_2,song_75,2025-04-04 23:35:57,233
user_2,song_18,2025-03-30 10:30:57,253
user_2,song_7,2025-04-04 23:52:57,190
user_2,song_75,2025-04-08 08:54:57,122
user_2,song_58,2025-04-10 13:14:57,244
user_2,song_75,2025-03-31 01:32:57,240
user_2,song_36,2025-04-03 09:53:57,250
user_2,song_35,2025-03-30 21:35:57,94
user_2,song_99,2025-04-04 21:42:57,32
user_2,song_18,2025-03-31 19:54:57,260
user_2,song_35,2025-04-04 07:33:57,165
user_2,song_10,2025-04-09 03:23:57,90
user_2,song_35,2025-04-06 16:24:57,166
user_2,song_87,2025-04-11 06:40:57,233
user_2,song_34,2025-04-11 13:34:57,195
user_2,song_89,2025-03-31 06:36:57,210
user_2,song_75,2025-04-08 21:10:57,170
user_2,song_34,2025-04-06 09:56:57,175
user_2,song_34,2025-03-31 18:41:57,275
user_2,song_58,2025-04-02 02:06:57,269
user_2,song_35,2025-04-06 17:58:57,88
user_2,song_34,2025-04-02 14:02:57,122
user_2,song_75,2025-04-10 11:23:57,220
user_2,song_35,2025-04-09 12:35:57,181
user_2,song_63,2025-04-06 18:13:57,192
user_2,song_100,2025-04-03 16:47:57,135
user_2,song_87,2025-03-30 20:23:57,275
user_2,song_63,2025-04-09 18:06:57,58
user_2,song_78,2025-04-09 10:44:57,123
user_2,song_78,2025-04-03 14:33:57,260
user_2,song_38,2025-03-31 16:59:57,147
user_2,song_58,2025-03-31 04:38:58,34
user_2,song_35,2025-04-10 15:33:58,132
user_2,song_84,2025-04-07 05:02:58,157
user_2,song_35,2025-04-04 01:53:58,140
user_2,song_63,2025-04-10 13:00:58,214
user_2,song_35,2025-04-01 01:36:58,146
user_2,song_7,2025-04-06 15:46:58,71
user_2,song_63,2025-04-08 21:27:58,202
user_3,song_56,2025-04-06 12:01:58,195
user_3,song_61,2025-03-29 05:10:58,102
user_3,song_39,2025-04-06 12:30:58,249
user_3,song_49,2025-03-30 17:52:58,257
user_3,song_20,2025-04-11 02:18:58,198
user_3,song_4,2025-04-11 01:40:58,225
user_3,song_5,2025-04-07 14:38:58,254
user_3,song_44,2025-04-07 11:34:58,32
user_3,song_90,2025-04-06 17:09:58,181
user_3,song_65,2025-04-01 21:21:58,226
user_3,song_86,2025-04-04 12:31:58,139
user_3,song_62,2025-04-06 01:15:58,73
user_3,song_100,2025-04-10 16:21:58,257
user_3,song_23,2025-04-01 07:19:58,179
user_3,song_71,2025-04-02 05:20:58,56
user_3,song_8,2025-04-03 15:59:58,279
user_3,song_43,2025-03-29 20:14:58,111
user_3,song_33,2025-04-09 01:10:58,170
user_3,song_82,2025-04-02 02:57:58,45
user_3,song_4,2025-04-07 03:41:58,275
user_3,song_4,2025-04-04 09:24:58,154
user_3,song_99,2025-04-01 04:24:58,80
user_3,song_2,2025-03-30 22:07:58,164
user_3,song_92,2025-04-02 14:35:58,149
user_3,song_23,2025-04-01 08:54:58,129
user_3,song_38,2025-04-03 02:46:58,176
user_3,song_67,2025-03-30 19:34:58,88
user_3,song_17,2025-04-07 08:27:58,157
user_3,song_23,2025-04-07 22:02:58,293
user_3,song_100,2025-04-03 03:24:58,182
user_3,song_39,2025-04-06 09:44:58,260
user_3,song_33,2025-04-01 08:53:58,242
user_3,song_59,2025-04-08 03:53:58,149
user_3,song_86,2025-04-01 11:13:58,174
user_3,song_37,2025-04-11 15:04:58,103
user_3,song_81,2025-03-30 00:08:58,153
user_3,song_82,2025-03-29 13:58:58,228
user_3,song_33,2025-04-03 05:00:58,89
user_3,song_65,2025-03-29 02:08:58,262
user_3,song_77,2025-04-06 05:13:58,280
user_3,song_52,2025-03-30 23:39:58,75
user_3,song_38,2025-04-05 11:34:58,59
user_3,song_11,2025-03-31 03:03:58,237
user_3,song_68,2025-04-01 16:41:58,37
user_3,song_71,2025-04-06 18:11:58,197
user_3,song_90,2025-04-07 21:17:58,52
user_3,song_91,2025-04-03 07:58:58,214
user_3,song_69,2025-03-30 07:25:58,290
user_3,song_12,2025-03-30 15:34:58,92
user_3,song_90,2025-03-30 13:13:58,46
user_3,song_77,2025-04-10 15:35:58,89
user_3,song_39,2025-04-09 23:57:58,232
user_3,song_55,2025-04-07 21:08:58,173
user_3,song_97,2025-04-07 04:05:58,284
user_3,song_20,2025-04-02 06:44:58,94
user_3,song_57,2025-04-09 08:48:58,210
user_3,song_39,2025-04-09 15:28:58,251
user_3,song_74,2025-04-05 12:41:58,220
user_3,song_100,2025-03-29 11:42:58,120
user_3,song_80,2025-04-03 12:38:58,108
user_3,song_65,2025-04-09 09:58:58,192
user_3,song_46,2025-04-08 09:27:58,83
user_3,song_30,2025-03-31 04:36:58,152
user_3,song_35,2025-04-05 04:30:58,192
user_3,song_70,2025-04-09 19:50:58,33
user_3,song_34,2025-04-09 04:51:58,116
user_3,song_98,2025-04-05 13:50:58,158
user_3,song_52,2025-03-31 09:42:58,75
user_3,song_99,2025-04-05 02:48:58,275
user_3,song_20,2025-03-30 19:50:58,85
user_3,song_98,2025-04-05 06:45:58,293
user_3,song_84,2025-03-30 19:14:58,138
user_3,song_48,2025-04-08 06:21:58,151
user_3,song_17,2025-03-31 15:48:58,229
user_3,song_35,2025-04-02 06:45:58,277
user_3,song_31,2025-04-09 11:52:58,222
user_3,song_13,2025-04-07 02:19:58,277
user_3,song_81,2025-04-09 23:54:58,261
user_3,song_62,2025-04-03 01:21:58,31
user_3,song_75,2025-04-04 09:45:58,112
user_3,song_17,2025-04-06 03:46:58,213
user_3,song_17,2025-04-01 16:18:58,223
user_3,song_3,2025-04-10 06:17:58,93
user_3,song_65,2025-04-07 12:10:58,167
user_3,song_90,2025-04-03 02:38:58,113
user_3,song_51,2025-04-08 02:10:58,78
user_3,song_39,2025-04-08 09:36:58,201
user_3,song_7,2025-04-04 15:33:58,246
user_3,song_3,2025-04-10 10:43:58,89
user_3,song_37,2025-04-01 06:39:58,188
user_3,song_60,2025-04-07 11:11:58,122
user_3,song_42,2025-03-29 10:53:58,59
user_3,song_11,2025-03-31 00:51:58,182
user_3,song_19,2025-04-04 23:58:58,283
user_3,song_63,2025-04-04 14:55:58,71
user_3,song_21,2025-04-02 13:24:58,35
user_3,song_64,2025-03-31 00:38:58,124
user_3,song_55,2025-03-30 03:46:58,154
user_3,song_40,2025-03-31 19:02:58,291
user_3,song_83,2025-04-07 14:33:58,117
user_3,song_87,2025-04-08 07:19:58,258
user_3,song_53,2025-04-04 01:50:58,242
user_3,song_80,2025-03-29 17:10:58,234
user_3,song_80,2025-04-06 23:33:58,34
user_3,song_27,2025-04-03 11:55:58,172
user_3,song_45,2025-04-03 09:30:58,235
user_3,song_85,2025-03-29 06:30:58,178
user_3,song_63,2025-03-31 12:12:58,78
user_3,song_97,2025-04-09 17:56:58,100
user_3,song_34,2025-04-10 16:48:58,30
user_3,song_13,2025-03-30 18:31:58,113
user_3,song_25,2025-04-02 06:14:58,151
user_3,song_72,2025-04-07 19:45:58,133
user_3,song_15,2025-04-11 03:46:58,69
user_3,song_56,2025-04-05 20:42:58,99
user_3,song_40,2025-04-10 02:04:58,192
user_3,song_57,2025-04-10 15:12:58,194
user_3,song_46,2025-04-07 20:45:58,137
user_3,song_5,2025-04-07 23:57:58,106
user_3,song_97,2025-04-02 15:06:58,66
user_3,song_72,2025-04-10 12:32:58,252
user_3,song_52,2025-04-07 04:27:58,84
user_3,song_97,2025-04-01 16:41:58,131
user_3,song_61,2025-03-31 13:00:58,63
user_3,song_13,2025-03-31 18:22:58,87
user_3,song_83,2025-04-11 05:27:58,32
user_3,song_22,2025-04-02 12:20:58,64
user_3,song_45,2025-04-05 12:03:58,130
user_3,song_18,2025-04-02 05:25:58,158
user_3,song_63,2025-04-02 01:40:58,204
user_3,song_94,2025-04-02 01:53:58,205
user_3,song_23,2025-04-07 20:18:58,122
user_3,song_73,2025-04-07 21:04:58,249
user_3,song_45,2025-03-31 22:21:58,47
user_4,song_59,2025-04-04 04:32:58,68
user_4,song_92,2025-04-07 07:37:58,157
user_4,song_53,2025-04-06 03:13:58,97
user_4,song_68,2025-04-06 16:13:58,91
user_4,song_55,2025-03-28 16:21:58,238
user_4,song_65,2025-03-29 09:44:58,221
user_4,song_85,2025-04-06 21:09:58,171
user_4,song_36,2025-04-05 11:06:58,150
user_4,song_73,2025-04-07 23:50:58,35
user_4,song_9,2025-04-04 04:18:58,224
user_4,song_60,2025-03-31 01:11:58,84
user_4,song_78,2025-04-02 06:46:58,132
user_4,song_84,2025-04-05 07:31:58,202
user_4,song_9,2025-04-08 08:41:58,293
user_4,song_39,2025-04-03 16:35:58,134
user_4,song_8,2025-03-29 02:47:58,68
user_4,song_83,2025-04-10 10:56:58,91
user_4,song_90,2025-04-08 12:40:58,117
user_4,song_85,2025-03-31 20:44:58,111
user_4,song_19,2025-04-09 09:09:58,157
user_4,song_71,2025-04-09 12:57:58,269
user_4,song_99,2025-04-06 09:24:58,121
user_4,song_12,2025-03-30 15:59:58,92
user_4,song_84,2025-04-01 20:23:58,114
user_4,song_27,2025-04-02 14:05:58,145
user_4,song_10,2025-04-07 08:34:58,299
user_4,song_10,2025-04-09 07:16:58,57
user_4,song_10,2025-04-03 17:25:58,96
user_4,song_94,2025-04-06 07:23:58,137
user_4,song_18,2025-03-29 16:53:58,279
user_4,song_37,2025-04-05 07:29:58,190
user_4,song_61,2025-04-08 21:58:58,244
user_4,song_40,2025-04-07 19:05:58,110
user_4,song_15,2025-04-04 10:26:58,50
user_4,song_26,2025-03-30 09:23:58,281
user_4,song_51,2025-04-01 20:54:58,69
user_4,song_91,2025-04-07 21:25:58,167
user_4,song_40,2025-04-08 09:53:58,295
user_4,song_63,2025-04-06 08:42:58,275
user_4,song_41,2025-04-08 04:23:58,241
user_4,song_61,2025-03-31 03:11:58,127
user_4,song_45,2025-04-02 00:35:58,264
user_4,song_72,2025-03-31 03:17:58,227
user_4,song_89,2025-04-05 22:29:58,201
user_4,song_89,2025-03-28 23:13:58,139
user_4,song_26,2025-04-06 17:10:58,288
user_4,song_23,2025-04-01 01:23:58,146
user_4,song_19,2025-04-11 08:15:58,101
user_4,song_11,2025-04-09 17:26:58,203
user_4,song_65,2025-04-07 22:41:58,121
user_4,song_48,2025-04-07 20:29:58,257
user_4,song_25,2025-04-09 15:29:58,243
user_4,song_16,2025-04-04 17:28:58,189
user_4,song_63,2025-04-03 19:06:58,138
user_4,song_64,2025-04-07 21:11:58,206
user_4,song_48,2025-04-10 18:27:58,196
user_4,song_25,2025-04-09 08:43:58,202
user_4,song_59,2025-04-01 07:11:58,227
user_4,song_35,2025-04-07 22:34:58,254
user_4,song_23,2025-04-01 06:45:58,183
user_4,song_60,2025-04-09 13:52:58,270
user_4,song_3,2025-04-02 18:20:58,65
user_4,song_43,2025-04-07 00:26:58,130
user_4,song_59,2025-04-02 06:46:58,295
user_4,song_48,2025-04-06 10:16:58,57
user_4,song_71,2025-04-02 20:11:58,130
user_4,song_9,2025-04-11 02:08:58,58
user_4,song_9,2025-04-03 08:42:58,254
user_4,song_34,2025-04-03 01:28:58,115
user_4,song_44,2025-04-10 17:20:58,89
user_4,song_100,2025-04-02 08:37:58,263
user_4,song_86,2025-03-28 18:46:58,142
user_4,song_24,2025-04-10 22:01:58,71
user_4,song_43,2025-04-06 08:43:58,241
user_4,song_81,2025-03-30 12:14:58,207
user_4,song_8,2025-04-10 20:36:58,205
user_4,song_40,2025-04-02 11:10:58,163
user_4,song_11,2025-04-04 20:06:58,244
user_4,song_51,2025-03-29 10:53:58,250
user_4,song_75,2025-04-02 20:24:58,69
user_4,song_55,2025-03-29 08:40:58,122
user_4,song_42,2025-03-30 15:08:58,254
user_4,song_72,2025-04-05 10:02:58,259
user_4,song_93,2025-04-04 05:53:58,102
user_4,song_38,2025-04-07 01:34:58,201
user_4,song_71,2025-04-01 08:21:58,144
user_4,song_51,2025-04-06 19:53:58,168
user_4,song_27,2025-04-03 07:39:58,278
user_4,song_67,2025-04-02 12:15:58,250
user_4,song_12,2025-04-10 09:14:58,223
user_4,song_95,2025-03-31 01:31:58,64
user_4,song_12,2025-03-30 06:28:58,269
user_4,song_42,2025-04-09 17:44:58,125
user_4,song_21,2025-04-05 14:21:58,81
user_4,song_79,2025-04-03 18:37:58,56
user_4,song_30,2025-04-06 01:36:58,253
user_4,song_48,2025-04-08 23:46:58,145
user_4,song_60,2025-04-02 07:12:58,215
user_4,song_15,2025-04-08 08:48:58,114
user_4,song_100,2025-04-05 19:19:58,80
user_4,song_100,2025-04-06 08:06:58,248
user_4,song_32,2025-04-09 16:08:58,211
user_4,song_70,2025-04-03 03:15:58,156
user_4,song_38,2025-04-08 10:39:58,61
user_4,song_23,2025-04-04 00:38:58,121
user_4,song_64,2025-04-10 19:53:58,246
user_4,song_6,2025-04-05 09:57:58,189
user_4,song_55,2025-04-05 20:18:58,118
user_4,song_49,2025-04-04 05:48:58,171
user_4,song_99,2025-03-29 14:04:58,145
user_4,song_85,2025-03-29 05:08:58,95
user_4,song_4,2025-04-01 22:59:58,154
user_4,song_10,2025-04-02 03:32:58,33
user_4,song_83,2025-04-04 11:29:58,273
user_4,song_13,2025-03-30 09:27:58,134
user_4,song_52,2025-04-04 20:59:58,93
user_4,song_9,2025-04-11 06:39:58,276
user_4,song_88,2025-03-31 14:09:58,40
user_4,song_15,2025-03-31 03:54:58,280
user_5,song_68,2025-04-08 16:30:58,68
user_5,song_69,2025-04-08 10:23:58,61
user_5,song_6,2025-04-08 14:39:58,163
user_5,song_17,2025-04-01 15:11:58,206
user_5,song_31,2025-04-09 23:11:58,120
user_5,song_6,2025-04-06 04:19:58,282
user_5,song_36,2025-03-30 01:38:58,205
user_5,song_81,2025-04-06 16:06:58,239
user_5,song_14,2025-04-07 01:54:58,283
user_5,song_3,2025-03-28 16:24:58,210
user_5,song_2,2025-04-05 17:09:58,254
user_5,song_26,2025-03-29 21:33:58,210
user_5,song_54,2025-04-09 03:45:58,116
user_5,song_83,2025-04-01 19:13:58,45
user_5,song_77,2025-04-02 20:22:58,275
user_5,song_92,2025-04-10 10:30:58,98
user_5,song_65,2025-04-10 17:57:58,114
user_5,song_80,2025-04-11 15:18:58,224
user_5,song_80,2025-04-03 02:29:58,129
user_5,song_64,2025-03-29 14:21:58,37
user_5,song_13,2025-04-01 10:22:58,126
user_5,song_42,2025-04-08 16:26:58,235
user_5,song_28,2025-03-30 08:44:58,214
user_5,song_4,2025-04-01 17:39:58,76
user_5,song_37,2025-04-04 08:09:58,42
user_5,song_86,2025-04-02 17:01:58,41
user_5,song_46,2025-04-01 15:29:58,216
user_5,song_16,2025-04-08 17:44:58,188
user_5,song_61,2025-04-05 21:53:58,211
user_5,song_46,2025-04-05 18:13:58,56
user_5,song_66,2025-04-05 15:53:58,45
user_5,song_98,2025-03-30 19:00:58,257
user_5,song_2,2025-04-04 14:43:58,193
user_5,song_16,2025-04-04 23:38:58,219
user_5,song_98,2025-04-04 20:56:58,130
user_5,song_91,2025-04-05 15:25:58,187
user_5,song_79,2025-04-10 07:52:58,169
user_5,song_85,2025-03-28 20:27:58,78
user_5,song_95,2025-03-28 20:51:58,206
user_5,song_75,2025-03-31 02:31:58,215
user_5,song_72,2025-04-09 23:23:58,106
user_5,song_72,2025-04-09 20:50:58,196
user_5,song_38,2025-03-30 11:59:58,64
user_5,song_31,2025-04-07 11:25:58,216
user_5,song_82,2025-03-30 04:10:58,75
user_5,song_27,2025-03-30 13:26:58,171
user_5,song_21,2025-03-30 11:48:58,202
user_5,song_32,2025-04-07 21:43:58,233
user_5,song_37,2025-04-01 21:04:58,50
user_5,song_3,2025-04-02 04:49:58,137
user_5,song_73,2025-04-09 15:02:58,285
user_5,song_91,2025-04-04 02:32:58,121
user_5,song_34,2025-04-08 02:48:58,182
user_5,song_63,2025-04-01 01:33:58,167
user_5,song_25,2025-04-11 09:34:58,109
user_5,song_7,2025-04-06 08:04:58,78
user_5,song_90,2025-03-30 00:20:58,78
user_5,song_98,2025-04-01 19:22:58,238
user_5,song_81,2025-04-09 09:10:58,83
user_5,song_22,2025-04-07 05:36:58,277
user_5,song_6,2025-04-05 17:06:58,214
user_5,song_99,2025-03-31 15:59:58,291
user_5,song_99,2025-04-05 21:19:58,255
user_5,song_82,2025-04-10 01:55:58,96
user_5,song_82,2025-03-29 11:53:58,297
user_5,song_35,2025-04-04 03:38:58,155
user_5,song_21,2025-04-06 21:35:58,71
user_5,song_83,2025-03-31 05:57:58,143
user_5,song_93,2025-04-10 17:26:58,103
user_5,song_79,2025-04-03 09:01:58,151
user_5,song_80,2025-04-01 06:27:58,114
user_5,song_36,2025-04-08 09:57:58,214
user_5,song_28,2025-04-09 08:11:58,239
user_5,song_97,2025-04-06 03:42:58,178
user_5,song_6,2025-04-08 01:44:58,89
user_5,song_77,2025-04-10 11:20:58,52
user_5,song_48,2025-03-30 02:48:58,274
user_5,song_58,2025-03-29 21:24:58,67
user_5,song_4,2025-04-09 03:00:58,287
user_5,song_22,2025-03-30 09:19:58,40
user_5,song_63,2025-04-04 04:30:58,64
user_5,song_43,2025-04-05 04:20:58,249
user_5,song_28,2025-04-03 22:53:58,74
user_5,song_49,2025-04-08 06:23:58,168
user_5,song_27,2025-04-09 18:07:58,88
user_5,song_12,2025-04-10 16:57:58,207
user_5,song_79,2025-04-10 23:34:58,261
user_5,song_34,2025-04-07 15:47:58,242
user_5,song_66,2025-04-06 22:52:58,206
user_5,song_8,2025-04-07 06:28:58,282
user_5,song_18,2025-04-11 00:10:58,195
user_5,song_42,2025-04-04 09:21:58,166
user_5,song_94,2025-04-09 03:42:58,74
user_5,song_94,2025-04-08 10:47:58,109
user_5,song_87,2025-04-05 13:21:58,180
user_5,song_89,2025-04-04 17:48:58,294
user_5,song_36,2025-04-09 19:17:58,137
user_5,song_46,2025-04-02 23:01:58,263
user_5,song_97,2025-04-02 16:08:58,241
user_5,song_73,2025-04-05 10:43:58,45
user_5,song_99,2025-04-03 15:05:58,88
user_5,song_43,2025-04-01 07:01:58,77
user_5,song_15,2025-03-31 11:53:58,289
user_5,song_21,2025-04-01 03:48:58,182
user_5,song_1,2025-03-29 00:16:58,300
user_5,song_30,2025-04-06 20:56:58,125
user_5,song_50,2025-03-30 00:36:58,300
user_5,song_37,2025-03-29 02:56:58,195
user_5,song_72,2025-04-09 02:02:58,199
user_5,song_51,2025-04-11 12:57:58,50
user_5,song_75,2025-04-07 12:46:58,285
user_5,song_21,2025-03-30 17:33:58,30
user_5,song_81,2025-04-04 16:28:58,143
user_5,song_53,2025-04-03 19:08:58,203
user_5,song_72,2025-04-08 18:32:58,87
user_5,song_100,2025-04-08 20:32:58,161
user_5,song_33,2025-03-31 17:44:58,64
user_5,song_85,2025-04-08 05:41:58,116
user_5,song_18,2025-04-02 23:51:58,216
user_5,song_58,2025-04-10 03:45:58,125
user_5,song_20,2025-03-31 10:58:58,47
user_5,song_55,2025-04-03 14:39:58,44
user_5,song_76,2025-04-05 09:06:58,218
user_5,song_45,2025-04-04 03:22:58,161
user_5,song_2,2025-04-06 07:02:58,140
user_5,song_82,2025-03-30 10:06:58,199
user_5,song_28,2025-04-04 12:25:58,148
user_5,song_54,2025-04-01 05:34:58,60
user_5,song_73,2025-04-09 07:52:58,102
user_5,song_47,2025-03-30 00:05:58,139
user_5,song_25,2025-03-30 01:37:58,87
user_5,song_62,2025-04-05 15:36:58,54
user_6,song_11,2025-04-05 16:39:58,43
user_6,song_96,2025-03-31 13:15:58,74
user_6,song_74,2025-04-03 07:41:58,132
user_6,song_50,2025-03-28 23:32:58,240
user_6,song_86,2025-04-04 23:19:58,196
user_6,song_56,2025-04-09 04:30:58,44
user_6,song_83,2025-04-05 13:45:58,252
user_6,song_18,2025-04-04 04:19:58,146
user_6,song_44,2025-04-08 05:56:58,48
user_6,song_32,2025-04-05 23:32:58,113
user_6,song_93,2025-04-07 12:15:58,205
user_6,song_33,2025-03-31 08:53:58,260
user_6,song_10,2025-04-05 19:04:58,175
user_6,song_77,2025-04-06 04:32:58,126
user_6,song_75,2025-04-05 23:19:58,248
user_6,song_24,2025-03-30 02:13:58,93
user_6,song_56,2025-04-02 07:10:58,37
user_6,song_3,2025-04-02 15:40:58,167
user_6,song_64,2025-04-01 11:09:58,229
user_6,song_54,2025-04-08 07:20:58,296
user_6,song_59,2025-04-09 23:56:58,182
user_6,song_73,2025-03-30 05:17:58,33
user_6,song_18,2025-04-01 06:08:58,81
user_6,song_84,2025-03-30 23:02:58,65
user_6,song_95,2025-04-09 07:25:58,109
user_6,song_3,2025-04-02 06:56:58,106
user_6,song_32,2025-04-05 12:08:58,286
user_6,song_62,2025-04-07 03:42:58,208
user_6,song_69,2025-03-31 18:33:58,247
user_6,song_86,2025-04-07 02:59:58,212
user_6,song_77,2025-04-04 09:47:58,80
user_6,song_21,2025-04-03 13:58:58,133
user_6,song_75,2025-03-29 13:58:58,226
user_6,song_16,2025-04-08 14:39:58,134
user_6,song_15,2025-04-03 23:47:58,230
user_6,song_82,2025-04-09 15:38:58,52
user_6,song_59,2025-04-10 10:25:58,289
user_6,song_47,2025-04-07 14:28:58,116
user_6,song_78,2025-04-09 06:35:58,49
user_6,song_38,2025-04-05 17:06:58,199
user_6,song_88,2025-04-03 13:30:58,268
user_6,song_87,2025-04-08 08:55:58,32
user_6,song_4,2025-03-31 18:08:58,49
user_6,song_83,2025-04-03 10:09:58,190
user_6,song_67,2025-04-05 18:30:58,90
user_6,song_39,2025-04-06 12:06:58,285
user_6,song_72,2025-03-29 05:35:58,94
user_6,song_80,2025-04-05 12:14:58,267
user_6,song_18,2025-04-03 09:43:58,136
user_6,song_42,2025-04-07 19:04:58,174
user_6,song_77,2025-04-08 03:16:58,218
user_6,song_57,2025-04-11 09:45:58,81
user_6,song_31,2025-03-29 09:33:58,209
user_6,song_94,2025-04-04 23:35:58,153
user_6,song_27,2025-03-31 06:51:58,167
user_6,song_36,2025-04-10 04:04:58,248
user_6,song_55,2025-03-30 02:14:58,90
user_6,song_19,2025-04-09 18:03:58,223
user_6,song_56,2025-03-30 06:12:58,241
user_6,song_91,2025-03-31 07:22:58,158
user_6,song_30,2025-04-07 11:01:58,196
user_6,song_59,2025-03-30 07:18:58,171
user_6,song_98,2025-04-07 06:35:58,203
user_6,song_25,2025-03-28 21:31:58,252
user_6,song_63,2025-03-29 11:06:58,170
user_6,song_90,2025-04-09 23:31:58,147
user_6,song_12,2025-04-02 17:44:58,197
user_6,song_3,2025-04-03 02:38:58,93
user_6,song_82,2025-04-09 20:25:58,113
user_6,song_66,2025-04-08 02:12:58,288
user_6,song_35,2025-04-01 00:39:58,30
user_6,song_44,2025-04-01 00:58:58,253
user_6,song_40,2025-04-05 04:57:58,91
user_6,song_44,2025-04-02 09:02:58,170
user_6,song_29,2025-04-01 13:56:58,117
user_6,song_16,2025-04-01 18:49:58,147
user_6,song_10,2025-04-10 21:41:58,180
user_6,song_94,2025-04-05 13:23:58,107
user_6,song_3,2025-04-02 15:28:58,107
user_6,song_79,2025-03-31 18:54:58,206
user_6,song_40,2025-03-31 21:07:58,84
user_6,song_26,2025-04-09 16:58:58,135
user_6,song_82,2025-03-30 10:44:58,187
user_6,song_42,2025-04-03 03:16:58,233
user_6,song_88,2025-04-09 07:40:58,175
user_6,song_58,2025-04-09 00:31:58,206
user_6,song_39,2025-03-30 11:28:58,139
user_6,song_43,2025-03-30 21:46:58,30
user_6,song_3,2025-04-07 20:07:58,136
user_6,song_98,2025-04-04 00:08:58,248
user_6,song_6,2025-04-02 14:06:58,122
user_6,song_28,2025-04-01 23:59:58,193
user_6,song_33,2025-04-02 21:16:58,259
user_6,song_87,2025-03-31 23:47:58,195
user_6,song_43,2025-04-07 20:04:58,175
user_6,song_42,2025-04-01 08:20:58,256
user_6,song_36,2025-04-03 12:52:58,290
user_6,song_54,2025-03-31 21:40:58,287
user_6,song_11,2025-03-30 16:34:58,256
user_6,song_98,2025-04-08 23:32:58,174
user_6,song_73,2025-04-06 16:55:58,58
user_6,song_24,2025-04-04 10:28:58,65
user_6,song_6,2025-04-09 20:04:58,256
user_6,song_75,2025-03-28 22:10:58,225
user_6,song_34,2025-04-09 01:50:58,123
user_6,song_77,2025-04-04 23:43:58,120
user_6,song_78,2025-04-08 20:13:58,61
user_6,song_28,2025-04-02 20:55:58,246
user_6,song_68,2025-04-09 06:11:58,42
user_6,song_40,2025-04-03 05:12:58,238
user_6,song_50,2025-04-07 02:23:58,174
user_6,song_49,2025-03-30 12:47:58,142
user_6,song_3,2025-04-06 14:32:58,246
user_6,song_20,2025-04-07 07:53:58,277
user_6,song_33,2025-04-02 05:37:58,88
user_6,song_10,2025-04-05 21:52:58,231
user_6,song_99,2025-04-04 14:59:58,230
user_6,song_11,2025-04-01 21:56:58,77
user_6,song_19,2025-04-06 05:06:58,104
user_6,song_68,2025-04-08 09:19:58,205
user_6,song_70,2025-04-04 13:49:58,64
user_6,song_98,2025-04-06 00:36:58,63
user_6,song_20,2025-04-03 11:52:58,299
user_7,song_55,2025-04-09 07:36:58,269
user_7,song_25,2025-03-28 18:22:58,221
user_7,song_77,2025-04-03 08:50:58,128
user_7,song_42,2025-04-01 19:22:58,252
user_7,song_86,2025-03-31 22:40:58,32
user_7,song_5,2025-04-09 01:41:58,234
user_7,song_14,2025-04-10 17:57:58,119
user_7,song_40,2025-04-05 20:36:58,207
user_7,song_96,2025-03-28 22:35:58,65
user_7,song_15,2025-03-30 16:15:58,247
user_7,song_57,2025-04-03 22:27:58,80
user_7,song_42,2025-04-02 12:56:58,205
user_7,song_54,2025-04-03 04:01:58,272
user_7,song_100,2025-04-07 21:35:58,297
user_7,song_93,2025-04-08 19:11:58,38
user_7,song_93,2025-04-09 05:16:58,165
user_7,song_54,2025-04-10 04:43:58,92
user_7,song_90,2025-04-09 15:51:58,193
user_7,song_16,2025-04-01 01:55:58,255
user_7,song_93,2025-04-03 15:46:58,243
user_7,song_25,2025-04-05 05:12:58,199
user_7,song_35,2025-04-07 15:26:58,266
user_7,song_71,2025-03-30 15:03:58,180
user_7,song_25,2025-04-05 12:19:58,78
user_7,song_16,2025-03-29 19:48:58,261
user_7,song_52,2025-04-08 10:07:58,125
user_7,song_6,2025-04-01 18:56:58,64
user_7,song_86,2025-04-10 04:20:58,159
user_7,song_75,2025-04-10 03:18:58,64
user_7,song_11,2025-03-31 11:42:58,65
user_7,song_13,2025-04-05 09:18:58,243
user_7,song_29,2025-04-08 04:52:58,248
user_7,song_87,2025-04-05 05:44:58,134
user_7,song_54,2025-03-29 07:15:58,155
user_7,song_10,2025-04-04 05:35:58,48
user_7,song_20,2025-04-03 14:54:58,233
user_7,song_91,2025-03-30 03:05:58,260
user_7,song_50,2025-04-05 14:56:58,85
user_7,song_57,2025-04-01 03:53:58,136
user_7,song_65,2025-03-31 18:10:58,267
user_7,song_46,2025-04-02 02:28:58,131
user_7,song_64,2025-04-05 17:03:58,76
user_7,song_15,2025-04-02 12:12:58,208
user_7,song_77,2025-03-30 21:57:58,56
user_7,song_16,2025-04-03 15:46:58,236
user_7,song_90,2025-04-02 12:09:58,227
user_7,song_65,2025-04-01 21:44:58,296
user_7,song_31,2025-03-30 22:34:58,113
user_7,song_16,2025-04-09 02:01:58,59
user_7,song_77,2025-04-01 19:57:58,121
user_7,song_7,2025-04-10 08:20:58,285
user_7,song_22,2025-04-02 17:27:58,77
user_7,song_19,2025-04-01 19:55:58,38
user_7,song_93,2025-04-01 17:27:58,117
user_7,song_4,2025-04-11 15:01:58,286
user_7,song_68,2025-04-07 03:56:58,181
user_7,song_45,2025-03-30 03:38:58,276
user_7,song_65,2025-04-11 04:08:58,274
user_7,song_11,2025-03-31 05:05:58,214
user_7,song_61,2025-03-31 01:11:58,133
user_7,song_92,2025-04-09 22:51:58,218
user_7,song_32,2025-03-30 08:17:58,170
user_7,song_53,2025-04-09 16:52:58,172
user_7,song_27,2025-04-03 08:51:58,149
user_7,song_22,2025-03-28 23:21:58,187
user_7,song_30,2025-04-05 06:40:58,163
user_7,song_63,2025-03-30 16:56:58,35
user_7,song_29,2025-03-31 23:41:58,131
user_7,song_12,2025-04-07 16:16:58,143
user_7,song_39,2025-04-01 02:44:58,130
user_7,song_44,2025-03-29 00:05:58,61
user_7,song_40,2025-04-10 01:25:58,119
user_7,song_4,2025-03-28 20:06:58,189
user_7,song_16,2025-04-08 10:13:58,142
user_7,song_51,2025-04-01 16:58:58,50
user_7,song_96,2025-04-03 03:20:58,83
user_7,song_57,2025-03-29 06:54:58,218
user_7,song_79,2025-04-04 10:11:58,176
user_7,song_48,2025-04-02 19:34:58,269
user_7,song_70,2025-04-08 19:21:58,172
user_8,song_31,2025-04-05 14:30:58,110
user_8,song_50,2025-04-05 19:15:58,253
user_8,song_83,2025-04-08 19:22:58,37
user_8,song_82,2025-04-03 19:49:58,53
user_8,song_16,2025-04-10 05:04:58,276
user_8,song_87,2025-04-11 03:12:58,42
user_8,song_43,2025-04-11 01:24:58,262
user_8,song_39,2025-03-28 18:40:58,50
user_8,song_5,2025-04-01 07:00:58,97
user_8,song_66,2025-04-05 01:41:58,277
user_8,song_55,2025-04-10 21:57:58,88
user_8,song_93,2025-04-01 11:04:58,240
user_8,song_65,2025-04-05 23:27:58,162
user_8,song_21,2025-03-29 03:02:58,267
user_8,song_68,2025-04-01 05:49:58,114
user_8,song_44,2025-04-06 02:34:58,202
user_8,song_47,2025-04-04 03:56:58,254
user_8,song_98,2025-04-05 19:19:58,79
user_8,song_44,2025-04-03 04:58:58,121
user_8,song_69,2025-04-06 22:51:58,168
user_8,song_90,2025-04-01 22:46:58,170
user_8,song_86,2025-03-31 23:08:58,224
user_8,song_6,2025-04-04 08:41:58,263
user_8,song_18,2025-04-07 22:08:58,216
user_8,song_63,2025-04-06 16:35:58,283
user_8,song_88,2025-03-30 18:33:58,96
user_8,song_80,2025-04-11 06:41:58,134
user_8,song_8,2025-03-31 19:18:58,93
user_8,song_45,2025-04-09 08:03:58,123
user_8,song_66,2025-04-06 17:54:58,135
user_8,song_59,2025-04-09 16:58:58,264
user_8,song_70,2025-04-08 10:12:58,197
user_8,song_99,2025-04-02 14:31:58,66
user_8,song_11,2025-04-04 04:29:58,229
user_8,song_77,2025-04-09 02:41:58,114
user_8,song_57,2025-04-09 07:57:58,240
user_8,song_72,2025-04-08 15:41:58,106
user_8,song_8,2025-04-06 00:38:58,92
user_8,song_38,2025-03-31 05:51:58,140
user_8,song_30,2025-03-28 20:43:58,30
user_8,song_21,2025-03-30 03:10:58,226
user_8,song_89,2025-04-05 04:01:58,174
user_8,song_3,2025-03-30 14:52:58,219
user_8,song_3,2025-03-31 15:49:58,81
user_8,song_64,2025-04-02 16:30:58,91
user_8,song_23,2025-04-10 13:39:58,41
user_8,song_67,2025-03-31 00:29:58,236
user_8,song_45,2025-03-30 05:01:58,57
user_8,song_13,2025-03-30 15:37:58,38
user_8,song_50,2025-04-10 17:27:58,210
user_8,song_7,2025-04-02 23:37:58,239
user_8,song_88,2025-04-04 17:18:58,231
user_8,song_6,2025-04-03 23:46:58,297
user_8,song_85,2025-03-28 22:39:58,149
user_8,song_4,2025-04-02 21:32:58,45
user_8,song_13,2025-04-04 06:38:58,135
user_8,song_37,2025-04-02 19:45:58,101
user_8,song_97,2025-04-08 08:01:58,205
user_8,song_84,2025-04-05 01:26:58,229
user_8,song_82,2025-04-08 17:51:58,51
user_8,song_97,2025-04-07 02:09:58,95
user_8,song_48,2025-04-01 11:40:58,119
user_8,song_78,2025-04-02 16:19:58,203
user_8,song_89,2025-04-04 03:13:58,106
user_8,song_97,2025-03-28 22:21:58,60
user_8,song_21,2025-04-10 19:32:58,146
user_8,song_5,2025-04-09 09:53:58,226
user_8,song_20,2025-04-09 12:52:58,272
user_8,song_2,2025-04-10 05:13:58,203
user_8,song_9,2025-04-01 23:20:58,208
user_8,song_98,2025-04-11 02:22:58,108
user_8,song_11,2025-04-11 14:40:58,170
user_8,song_82,2025-04-02 18:56:58,88
user_8,song_67,2025-04-10 15:14:58,239
user_8,song_8,2025-03-29 10:20:58,300
user_8,song_9,2025-04-09 23:50:58,199
user_8,song_56,2025-03-29 07:02:58,99
user_8,song_80,2025-03-31 20:33:58,215
user_8,song_53,2025-03-30 12:29:58,64
user_8,song_55,2025-04-08 13:23:58,234
user_8,song_89,2025-04-04 14:16:58,163
user_8,song_44,2025-04-05 18:02:58,121
user_8,song_85,2025-04-02 11:33:58,105
user_8,song_49,2025-03-31 02:15:58,297
user_8,song_68,2025-03-31 22:28:58,73
user_8,song_68,2025-04-08 08:49:58,219
user_8,song_23,2025-04-05 21:40:58,42
user_8,song_40,2025-04-08 15:58:58,296
user_8,song_85,2025-03-30 06:40:58,148
user_8,song_40,2025-04-03 23:46:58,202
user_8,song_51,2025-04-05 02:51:58,265
user_8,song_82,2025-04-05 20:11:58,95
user_8,song_85,2025-04-07 22:16:58,36
user_8,song_73,2025-04-10 11:42:58,42
user_8,song_25,2025-04-01 22:40:58,134
user_8,song_2,2025-03-28 18:43:58,256
user_8,song_11,2025-04-02 11:51:58,83
user_8,song_4,2025-04-04 22:29:58,178
user_8,song_15,2025-04-10 02:43:58,68
user_8,song_100,2025-04-01 04:16:58,62
user_8,song_20,2025-04-02 14:18:58,141
user_8,song_84,2025-04-02 23:23:58,96
user_8,song_69,2025-04-11 00:42:58,165
user_8,song_68,2025-04-07 05:07:58,84
user_8,song_83,2025-04-03 20:24:58,64
user_8,song_87,2025-04-05 18:32:58,257
user_8,song_24,2025-04-01 16:04:58,287
user_8,song_72,2025-04-01 22:37:58,86
user_8,song_91,2025-04-06 16:49:58,169
user_8,song_18,2025-04-01 00:56:58,234
user_8,song_59,2025-04-09 12:04:58,201
user_8,song_75,2025-03-30 18:26:58,112
user_8,song_16,2025-04-03 21:14:58,271
user_8,song_12,2025-04-03 05:03:58,112
user_8,song_56,2025-04-05 08:08:58,275
user_8,song_67,2025-04-04 22:58:58,269
user_8,song_27,2025-04-04 22:40:58,275
user_8,song_76,2025-04-10 23:03:58,71
user_8,song_7,2025-03-30 13:46:58,108
user_8,song_77,2025-04-07 03:26:58,45
user_8,song_32,2025-04-04 02:39:58,101
user_8,song_67,2025-04-02 04:46:58,174
user_8,song_43,2025-04-08 07:38:58,124
user_8,song_81,2025-04-01 17:03:58,71
user_8,song_83,2025-04-11 08:58:58,180
user_8,song_80,2025-03-30 13:33:58,132
user_8,song_84,2025-04-04 19:42:58,58
user_8,song_90,2025-04-08 18:19:58,257
user_8,song_66,2025-04-04 14:35:58,67
user_8,song_8,2025-04-10 12:13:58,108
user_8,song_54,2025-04-06 05:32:58,168
user_8,song_17,2025-04-02 16:46:58,60
user_8,song_83,2025-04-10 14:48:58,203
user_8,song_4,2025-04-06 13:52:58,189
user_8,song_36,2025-04-05 17:10:58,79
user_8,song_20,2025-03-29 19:57:58,50
user_8,song_19,2025-03-31 04:00:58,137
user_8,song_15,2025-04-06 09:30:58,115
user_8,song_14,2025-04-05 13:30:58,119
user_8,song_20,2025-04-10 22:00:58,184
user_8,song_40,2025-04-09 11:04:58,145
user_9,song_24,2025-04-02 20:46:58,32
user_9,song_14,2025-03-31 05:48:58,119
user_9,song_42,2025-04-03 16:57:58,85
user_9,song_53,2025-04-09 09:58:58,210
user_9,song_20,2025-03-29 06:23:58,139
user_9,song_15,2025-04-05 08:17:58,64
user_9,song_78,2025-04-03 00:33:58,135
user_9,song_43,2025-03-31 20:45:58,145
user_9,song_98,2025-03-31 10:28:58,84
user_9,song_5,2025-03-30 01:01:58,267
user_9,song_41,2025-04-01 16:37:58,235
user_9,song_27,2025-04-01 14:06:58,121
user_9,song_97,2025-03-30 22:41:58,43
user_9,song_97,2025-04-08 23:39:58,155
user_9,song_18,2025-03-31 13:30:58,260
user_9,song_44,2025-04-04 08:09:58,196
user_9,song_70,2025-04-06 20:15:58,129
user_9,song_83,2025-04-10 10:20:58,236
user_9,song_25,2025-04-08 07:32:58,86
user_9,song_82,2025-04-05 10:54:58,299
user_9,song_70,2025-04-01 09:22:58,293
user_9,song_92,2025-04-05 18:42:58,145
user_9,song_45,2025-04-10 06:37:58,197
user_9,song_40,2025-04-07 12:07:58,152
user_9,song_54,2025-04-10 10:51:58,270
user_9,song_91,2025-04-11 00:11:58,300
user_9,song_17,2025-03-30 16:32:58,254
user_9,song_62,2025-04-09 06:35:58,218
user_9,song_7,2025-04-08 05:31:58,203
user_9,song_25,2025-04-02 04:58:58,220
user_9,song_94,2025-03-29 14:44:58,173
user_9,song_67,2025-04-11 07:49:58,88
user_9,song_74,2025-04-11 06:13:58,214
user_9,song_51,2025-03-29 04:14:58,88
user_9,song_22,2025-03-29 15:13:58,165
user_9,song_79,2025-04-08 20:59:58,256
user_9,song_13,2025-04-09 10:45:58,126
user_9,song_50,2025-04-07 01:29:58,31
user_9,song_45,2025-04-03 18:55:58,137
user_9,song_47,2025-03-29 11:42:58,243
user_9,song_94,2025-03-28 23:20:58,123
user_9,song_51,2025-03-31 18:57:58,72
user_9,song_61,2025-04-03 04:40:58,284
user_9,song_47,2025-03-29 04:48:58,183
user_9,song_42,2025-04-05 04:11:58,189
user_9,song_89,2025-03-31 08:31:58,192
user_9,song_4,2025-04-09 10:53:58,253
user_9,song_72,2025-04-08 13:45:58,188
user_9,song_99,2025-04-08 10:46:58,58
user_9,song_60,2025-04-05 02:42:58,197
user_9,song_93,2025-03-29 15:05:58,71
user_9,song_69,2025-04-02 13:57:58,234
user_9,song_88,2025-04-07 00:52:58,248
user_9,song_5,2025-03-30 09:32:58,254
user_9,song_65,2025-04-07 18:20:58,82
user_9,song_17,2025-04-03 23:32:58,300
user_9,song_97,2025-04-03 04:31:58,158
user_9,song_51,2025-03-30 06:10:58,31
user_9,song_62,2025-04-08 18:18:58,191
user_9,song_73,2025-04-07 05:15:58,278
user_9,song_76,2025-04-04 14:47:58,231
user_9,song_65,2025-03-30 08:53:58,52
user_9,song_72,2025-04-03 09:29:58,138
user_9,song_8,2025-04-06 04:04:58,185
user_9,song_35,2025-04-09 05:28:58,180
user_9,song_20,2025-04-09 00:17:58,274
user_9,song_61,2025-04-02 22:25:58,120
user_9,song_8,2025-03-31 01:31:58,88
user_9,song_67,2025-04-03 15:35:58,96
user_9,song_65,2025-04-10 09:01:58,75
user_9,song_44,2025-04-08 04:25:58,281
user_9,song_86,2025-04-07 13:06:58,79
user_9,song_19,2025-03-31 19:28:58,43
user_9,song_95,2025-04-01 08:50:58,84
user_9,song_79,2025-04-08 01:48:58,35
user_9,song_62,2025-03-30 02:45:58,105
user_9,song_13,2025-04-02 17:33:58,177
user_9,song_84,2025-04-11 00:04:58,139
user_9,song_10,2025-03-31 01:14:58,221
user_9,song_55,2025-04-03 04:16:58,54
user_9,song_96,2025-04-08 11:00:58,252
user_9,song_16,2025-04-10 19:54:58,195
user_9,song_59,2025-04-04 22:29:58,288
user_9,song_59,2025-04-04 05:13:58,283
user_9,song_68,2025-04-02 00:58:58,119
user_9,song_97,2025-03-31 23:21:58,64
user_9,song_65,2025-03-29 03:32:58,58
user_9,song_18,2025-04-05 06:06:58,296
user_9,song_35,2025-04-04 05:46:58,290
user_9,song_93,2025-04-02 01:57:58,107
user_9,song_1,2025-04-08 14:01:58,37
user_9,song_35,2025-04-11 13:07:58,299
user_9,song_39,2025-04-11 09:34:58,214
user_9,song_11,2025-04-02 02:04:58,105
user_9,song_10,2025-04-09 20:21:58,189
user_9,song_42,2025-03-31 15:41:58,100
user_9,song_68,2025-04-07 00:54:58,39
user_9,song_47,2025-04-03 12:01:58,174
user_9,song_15,2025-04-05 05:08:58,164
user_9,song_73,2025-04-06 02:52:58,156
user_9,song_53,2025-04-10 07:15:58,65
user_9,song_2,2025-03-30 06:50:58,240
user_9,song_89,2025-04-10 14:56:58,79
user_9,song_21,2025-04-05 01:33:58,131
user_9,song_8,2025-04-05 13:00:58,115
user_9,song_60,2025-03-29 22:39:58,95
user_9,song_6,2025-03-30 14:05:58,145
user_9,song_50,2025-04-08 21:24:58,157
user_9,song_97,2025-04-02 00:27:58,176
user_9,song_91,2025-03-30 19:28:58,269
user_9,song_58,2025-04-07 00:01:58,73
user_9,song_87,2025-04-08 19:12:58,75
user_9,song_17,2025-04-01 23:53:58,230
user_9,song_13,2025-04-01 18:18:58,46
user_9,song_5,2025-03-28 19:35:58,95
user_9,song_10,2025-03-30 03:17:58,74
user_9,song_59,2025-04-02 09:52:58,130
user_9,song_88,2025-04-07 17:18:58,249
user_9,song_64,2025-04-02 08:24:58,181
user_9,song_20,2025-04-06 19:04:58,235
user_9,song_24,2025-04-10 07:09:58,153
user_9,song_24,2025-03-29 05:38:58,89
user_9,song_90,2025-04-02 16:31:58,122
user_9,song_79,2025-03-29 00:40:58,208
user_9,song_45,2025-03-30 11:38:58,275
user_9,song_11,2025-04-03 18:47:58,200
user_9,song_43,2025-03-31 15:39:58,272
user_9,song_93,2025-04-07 10:54:58,99
user_9,song_81,2025-03-30 10:00:58,56
user_9,song_49,2025-04-03 09:52:58,142
user_9,song_69,2025-04-03 23:50:58,121
user_9,song_77,2025-04-04 00:58:58,148
user_9,song_98,2025-03-29 00:59:58,36
user_9,song_99,2025-04-04 09:53:58,84
user_9,song_85,2025-04-07 09:15:58,220
user_9,song_72,2025-04-04 03:30:58,294
user_9,song_98,2025-04-01 13:43:58,128
user_9,song_9,2025-04-07 13:51:58,266
user_9,song_22,2025-04-03 02:56:58,207
user_10,song_15,2025-03-30 08:50:58,298
user_10,song_75,2025-04-08 21:46:58,263
user_10,song_44,2025-04-04 14:18:58,119
user_10,song_57,2025-03-28 16:05:58,179
user_10,song_20,2025-04-07 11:39:58,156
user_10,song_37,2025-04-09 03:50:58,33
user_10,song_28,2025-04-11 14:08:58,125
user_10,song_75,2025-04-07 05:25:58,83
user_10,song_30,2025-04-08 01:56:58,264
user_10,song_59,2025-04-03 21:58:58,217
user_10,song_88,2025-04-08 11:55:58,64
user_10,song_62,2025-04-09 13:34:58,98
user_10,song_30,2025-04-08 17:38:58,113
user_10,song_16,2025-04-02 21:56:58,266
user_10,song_5,2025-04-06 04:20:58,114
user_10,song_10,2025-03-30 13:18:58,62
user_10,song_34,2025-04-02 23:37:58,102
user_10,song_16,2025-03-31 14:32:58,267
user_10,song_20,2025-04-10 23:14:58,258
user_10,song_34,2025-03-30 20:00:58,120
user_10,song_10,2025-04-03 09:58:58,136
user_10,song_76,2025-04-03 07:39:58,80
user_10,song_96,2025-04-04 23:10:58,216
user_10,song_77,2025-04-03 21:22:58,93
user_10,song_49,2025-04-07 16:59:58,265
user_10,song_30,2025-03-29 13:04:58,256
user_10,song_87,2025-03-31 17:00:58,186
user_10,song_79,2025-04-08 06:40:58,154
user_10,song_85,2025-03-30 11:26:58,60
user_10,song_45,2025-04-11 11:39:58,290
user_10,song_92,2025-04-05 10:54:58,278
user_10,song_12,2025-04-09 23:10:58,199
user_10,song_37,2025-04-02 11:47:58,40
user_10,song_17,2025-03-30 14:07:58,32
user_10,song_64,2025-04-06 08:49:58,83
user_10,song_83,2025-04-09 22:36:58,98
user_10,song_64,2025-04-04 16:46:58,158
user_10,song_70,2025-04-02 15:06:58,41
user_10,song_63,2025-03-29 07:04:58,279
user_10,song_51,2025-04-05 02:50:58,208
user_10,song_5,2025-04-09 05:22:58,116
user_10,song_51,2025-04-03 19:46:58,220
user_10,song_45,2025-04-10 12:45:58,162
user_10,song_78,2025-03-31 00:33:58,282
user_10,song_23,2025-04-01 15:49:58,276
user_10,song_11,2025-04-03 10:32:58,240
user_10,song_96,2025-03-31 17:01:58,143
user_10,song_70,2025-04-06 22:46:58,135
user_10,song_60,2025-04-10 02:23:58,160
user_10,song_29,2025-04-04 06:55:58,169
user_10,song_57,2025-03-29 02:20:58,161
user_10,song_89,2025-03-29 21:11:58,105
user_10,song_68,2025-04-04 09:21:58,68
user_10,song_53,2025-03-29 00:34:58,61
user_10,song_15,2025-04-01 03:37:58,143
user_10,song_53,2025-03-30 04:47:58,120
user_10,song_66,2025-04-02 14:14:58,134
user_10,song_76,2025-04-03 17:57:58,273
user_10,song_95,2025-04-06 13:18:58,174
user_10,song_9,2025-04-02 07:17:58,287
user_10,song_82,2025-03-28 19:13:58,194
user_10,song_11,2025-04-04 17:00:58,201
user_10,song_47,2025-03-30 11:06:58,37
user_10,song_96,2025-04-04 12:46:58,37
user_10,song_38,2025-04-10 14:11:58,39
user_10,song_11,2025-04-07 01:12:58,143
user_10,song_18,2025-04-06 13:38:58,121
user_10,song_18,2025-04-10 22:14:58,38
user_10,song_4,2025-04-06 07:57:58,287
user_10,song_14,2025-03-29 01:47:58,112
user_10,song_100,2025-04-04 11:31:58,163
user_10,song_79,2025-04-03 15:21:58,223
user_10,song_73,2025-04-01 05:32:58,256
user_10,song_20,2025-04-05 06:34:58,158
user_10,song_45,2025-03-31 06:11:58,51
user_10,song_10,2025-04-08 13:29:58,264
user_10,song_7,2025-04-04 08:17:58,250
user_10,song_43,2025-03-28 16:06:58,144
user_10,song_1,2025-04-08 05:15:58,148
user_10,song_65,2025-04-09 02:10:58,126
user_10,song_61,2025-04-11 15:41:58,244
user_10,song_52,2025-04-07 20:44:58,80
user_10,song_89,2025-04-11 04:37:58,207
user_10,song_96,2025-04-09 09:43:58,188
user_10,song_32,2025-04-10 12:25:58,171
user_10,song_61,2025-04-06 05:08:58,152
user_10,song_90,2025-04-06 17:51:58,223
user_10,song_24,2025-03-29 04:46:58,66
user_10,song_68,2025-04-05 20:25:58,30
user_10,song_38,2025-03-29 13:33:58,68
user_10,song_90,2025-04-06 20:41:58,249
user_10,song_3,2025-04-04 20:27:58,101
user_10,song_35,2025-03-30 20:33:58,255
user_10,song_88,2025-03-30 16:28:58,183
user_10,song_24,2025-04-09 14:49:58,179
user_10,song_59,2025-04-10 03:16:58,31
user_10,song_67,2025-03-30 06:29:58,154
user_10,song_3,2025-04-01 17:08:58,74
user_10,song_3,2025-03-29 16:20:58,165
user_11,song_44,2025-04-03 09:41:58,224
user_11,song_17,2025-04-06 00:52:58,212
user_11,song_26,2025-04-05 22:35:58,148
user_11,song_39,2025-04-04 19:07:58,247
user_11,song_66,2025-04-04 03:15:58,39
user_11,song_64,2025-04-08 04:59:58,155
user_11,song_75,2025-04-11 15:20:58,40
user_11,song_63,2025-03-29 00:28:58,203
user_11,song_87,2025-03-29 06:25:58,143
user_11,song_63,2025-03-28 16:42:58,282
user_11,song_50,2025-04-06 10:37:58,88
user_11,song_35,2025-04-10 13:57:58,299
user_11,song_8,2025-03-28 19:09:58,245
user_11,song_33,2025-04-08 21:14:58,246
user_11,song_53,2025-04-08 00:48:58,36
user_11,song_60,2025-03-29 23:45:58,54
user_11,song_66,2025-04-03 12:44:58,68
user_11,song_2,2025-04-04 01:10:58,167
user_11,song_100,2025-04-08 16:45:58,109
user_11,song_7,2025-03-31 21:05:58,68
user_11,song_53,2025-04-07 15:17:58,245
user_11,song_93,2025-04-01 20:42:58,66
user_11,song_14,2025-04-09 02:41:58,151
user_11,song_14,2025-04-05 06:00:58,181
user_11,song_58,2025-04-06 04:39:58,244
user_11,song_62,2025-03-28 15:45:58,139
user_11,song_68,2025-04-02 03:01:58,273
user_11,song_10,2025-04-06 20:52:58,174
user_11,song_14,2025-04-07 01:24:58,148
user_11,song_66,2025-04-09 15:20:58,136
user_11,song_60,2025-04-08 14:47:58,247
user_11,song_56,2025-04-10 08:26:58,115
user_11,song_6,2025-04-04 02:23:58,194
user_11,song_35,2025-04-04 00:30:58,68
user_11,song_70,2025-04-05 09:32:58,80
user_11,song_91,2025-04-08 19:53:58,79
user_11,song_85,2025-03-30 05:32:58,114
user_11,song_76,2025-04-05 09:59:58,158
user_11,song_13,2025-04-06 16:38:58,233
user_11,song_34,2025-04-09 20:15:58,115
user_11,song_32,2025-03-31 04:01:58,155
user_11,song_72,2025-04-01 00:33:58,172
user_11,song_29,2025-04-11 15:25:58,114
user_11,song_48,2025-04-08 16:36:58,77
user_11,song_67,2025-03-30 16:13:58,31
user_11,song_41,2025-04-09 08:56:58,280
user_11,song_95,2025-04-04 03:58:58,169
user_11,song_68,2025-04-02 02:01:58,76
user_11,song_77,2025-04-04 06:18:58,277
user_11,song_89,2025-04-02 01:25:58,143
user_11,song_38,2025-04-08 08:14:58,227
user_11,song_47,2025-04-03 07:53:58,247
user_11,song_13,2025-04-05 15:31:58,195
user_11,song_35,2025-04-04 13:05:58,51
user_11,song_100,2025-03-28 20:37:58,233
user_11,song_42,2025-03-30 08:04:58,49
user_11,song_62,2025-04-07 20:43:58,66
user_11,song_60,2025-04-08 04:54:58,54
user_11,song_21,2025-03-30 17:02:58,241
user_11,song_5,2025-04-05 12:43:58,182
user_11,song_15,2025-03-31 02:30:58,254
user_11,song_96,2025-04-03 08:13:58,117
user_11,song_52,2025-04-10 22:18:58,99
user_11,song_36,2025-03-30 15:05:58,166
user_11,song_2,2025-03-30 13:54:58,227
user_11,song_25,2025-03-29 19:28:58,108
user_11,song_84,2025-04-02 08:31:58,159
user_11,song_49,2025-04-05 05:29:58,246
user_11,song_82,2025-04-06 07:05:58,214
user_11,song_11,2025-04-01 09:00:58,238
user_11,song_55,2025-03-31 19:55:58,275
user_11,song_92,2025-04-04 22:12:58,88
user_11,song_6,2025-04-03 15:00:58,248
user_11,song_83,2025-03-30 05:49:58,58
user_11,song_22,2025-04-04 15:18:58,116
user_11,song_63,2025-04-10 22:59:58,293
user_11,song_82,2025-04-04 13:24:58,71
user_11,song_13,2025-04-02 17:05:58,190
user_11,song_80,2025-04-08 05:59:58,165
user_11,song_12,2025-04-10 02:04:58,116
user_11,song_93,2025-04-04 14:05:58,140
user_11,song_85,2025-04-06 14:20:58,83
user_11,song_24,2025-03-30 20:25:58,122
user_11,song_63,2025-04-07 17:46:58,144
user_11,song_32,2025-04-11 14:22:58,217
user_11,song_26,2025-04-08 14:47:58,205
user_11,song_61,2025-04-01 20:51:58,137
user_11,song_27,2025-03-31 03:44:58,102
user_11,song_91,2025-04-05 04:43:58,101
user_11,song_2,2025-04-09 04:21:58,200
user_11,song_15,2025-03-31 23:58:58,56
user_11,song_97,2025-03-30 15:12:58,154
user_11,song_32,2025-04-01 11:23:58,31
user_12,song_77,2025-04-03 03:04:58,128
user_12,song_56,2025-04-01 06:16:58,298
user_12,song_26,2025-04-03 09:18:58,243
user_12,song_40,2025-04-11 07:47:58,74
user_12,song_40,2025-04-05 04:56:58,239
user_12,song_43,2025-04-08 16:26:58,225
user_12,song_27,2025-04-08 07:10:58,193
user_12,song_48,2025-04-01 15:29:58,180
user_12,song_80,2025-04-07 13:55:58,47
user_12,song_24,2025-04-05 18:21:58,145
user_12,song_87,2025-04-02 15:42:58,178
user_12,song_16,2025-04-04 02:04:58,250
user_12,song_80,2025-04-10 01:09:58,193
user_12,song_29,2025-04-04 02:45:58,51
user_12,song_7,2025-04-07 13:17:58,52
user_12,song_74,2025-03-30 02:41:58,203
user_12,song_7,2025-04-04 17:21:58,238
user_12,song_52,2025-04-03 15:19:58,134
user_12,song_65,2025-04-03 10:51:58,167
user_12,song_75,2025-04-09 03:29:58,185
user_12,song_89,2025-04-03 07:43:58,172
user_12,song_53,2025-04-08 05:36:58,63
user_12,song_46,2025-04-10 06:47:58,56
user_12,song_13,2025-04-04 06:49:58,250
user_12,song_35,2025-03-30 17:48:58,254
user_12,song_8,2025-04-06 03:39:58,157
user_12,song_20,2025-04-05 23:07:58,299
user_12,song_88,2025-04-11 08:14:58,209
user_12,song_81,2025-04-05 19:06:58,103
user_12,song_52,2025-03-31 13:37:58,257
user_12,song_41,2025-03-30 06:55:58,118
user_12,song_88,2025-04-07 07:01:58,250
user_12,song_44,2025-03-31 08:19:58,195
user_12,song_71,2025-04-03 08:24:58,182
user_12,song_15,2025-03-31 03:21:58,171
user_12,song_88,2025-04-09 20:52:58,165
user_12,song_55,2025-04-08 00:50:58,115
user_12,song_80,2025-03-31 16:19:58,241
user_12,song_58,2025-04-03 09:17:58,96
user_12,song_54,2025-04-03 19:42:58,202
user_12,song_22,2025-04-11 01:10:58,104
user_12,song_74,2025-03-31 09:09:58,292
user_12,song_57,2025-04-05 04:44:58,266
user_12,song_24,2025-04-04 03:36:58,155
user_12,song_70,2025-03-31 04:30:58,256
user_12,song_72,2025-04-04 11:25:58,40
user_12,song_4,2025-04-06 04:08:58,138
user_12,song_48,2025-04-06 10:57:58,292
user_12,song_6,2025-03-31 06:15:58,277
user_12,song_84,2025-04-08 05:27:58,239
user_12,song_73,2025-03-30 15:27:58,41
user_12,song_37,2025-04-03 11:20:58,191
user_12,song_75,2025-04-09 04:19:58,51
user_12,song_59,2025-04-10 07:14:58,98
user_12,song_99,2025-04-02 21:13:58,90
user_12,song_15,2025-04-07 09:12:58,221
user_12,song_33,2025-04-11 00:43:58,106
user_12,song_44,2025-04-05 19:01:58,149
user_12,song_25,2025-04-08 23:09:58,248
user_12,song_39,2025-04-02 01:01:58,170
user_12,song_68,2025-04-09 13:09:58,95
user_12,song_29,2025-04-06 01:25:58,63
user_12,song_62,2025-03-29 06:58:58,36
user_12,song_81,2025-04-09 13:33:58,241
user_12,song_92,2025-03-30 03:21:58,140
user_12,song_38,2025-04-04 22:35:58,161
user_12,song_29,2025-04-10 14:09:58,258
user_12,song_39,2025-03-30 14:08:58,50
user_12,song_13,2025-04-06 07:45:58,234
user_12,song_37,2025-04-03 10:50:58,154
user_12,song_60,2025-03-31 14:37:58,242
user_12,song_99,2025-03-28 16:24:58,216
user_12,song_59,2025-03-30 10:34:58,77
user_12,song_14,2025-04-06 13:44:58,284
user_12,song_15,2025-04-09 22:46:58,108
user_12,song_25,2025-03-31 02:19:58,47
user_12,song_81,2025-03-30 01:31:58,228
user_12,song_30,2025-03-28 17:08:58,261
user_12,song_3,2025-04-07 00:41:58,258
user_12,song_68,2025-04-03 09:20:58,276
user_12,song_13,2025-04-08 04:28:58,114
user_12,song_79,2025-03-30 05:40:58,77
user_12,song_50,2025-03-30 13:39:58,185
user_12,song_99,2025-04-10 07:41:58,147
user_12,song_46,2025-03-31 12:34:58,153
user_12,song_68,2025-04-01 10:30:58,114
user_12,song_3,2025-03-30 01:14:58,136
user_12,song_40,2025-04-01 00:52:58,203
user_12,song_6,2025-04-08 23:47:58,62
user_12,song_11,2025-03-31 10:38:58,192
user_12,song_58,2025-03-30 09:31:58,80
user_12,song_66,2025-03-28 16:02:58,284
user_12,song_82,2025-04-11 10:19:58,133
user_12,song_26,2025-04-07 20:21:58,282
user_12,song_20,2025-03-29 11:13:58,164
user_12,song_21,2025-04-08 00:11:58,159
user_12,song_35,2025-04-04 04:54:58,209
user_12,song_24,2025-03-30 07:04:58,206
user_12,song_30,2025-04-05 17:41:58,278
user_12,song_88,2025-03-31 03:04:58,291
user_12,song_78,2025-03-29 22:23:58,163
user_13,song_51,2025-04-06 19:37:58,166
user_13,song_56,2025-04-06 08:05:58,114
user_13,song_83,2025-04-02 15:28:58,270
user_13,song_14,2025-04-03 00:00:58,55
user_13,song_100,2025-04-03 05:30:58,109
user_13,song_36,2025-04-06 16:53:58,46
user_13,song_26,2025-03-28 22:31:58,144
user_13,song_47,2025-04-02 15:39:58,175
user_13,song_75,2025-04-11 10:34:58,217
user_13,song_64,2025-04-03 08:03:58,190
user_13,song_92,2025-04-11 02:19:58,81
user_13,song_36,2025-04-03 23:20:58,65
user_13,song_39,2025-04-11 09:40:58,251
user_13,song_31,2025-04-04 14:31:58,256
user_13,song_37,2025-04-06 21:00:58,276
user_13,song_85,2025-04-05 17:08:58,152
user_13,song_82,2025-04-03 01:26:58,242
user_13,song_67,2025-04-10 20:41:58,65
user_13,song_40,2025-04-06 09:52:58,54
user_13,song_26,2025-04-03 22:48:58,30
user_13,song_54,2025-04-09 21:15:58,184
user_13,song_98,2025-04-06 16:45:58,73
user_13,song_97,2025-04-10 13:06:58,170
user_13,song_93,2025-04-02 04:05:58,83
user_13,song_65,2025-04-01 22:20:58,273
user_13,song_85,2025-04-04 11:10:58,44
user_13,song_71,2025-04-05 23:35:58,41
user_13,song_6,2025-03-30 16:31:58,133
user_13,song_72,2025-04-06 04:55:58,156
user_13,song_77,2025-03-31 21:04:58,130
user_13,song_66,2025-04-08 21:28:58,46
user_13,song_13,2025-04-05 08:00:58,273
user_13,song_14,2025-04-07 09:26:58,158
user_13,song_14,2025-04-05 20:10:58,234
user_13,song_42,2025-04-07 23:36:58,298
user_13,song_72,2025-04-01 01:35:58,120
user_13,song_41,2025-03-31 02:08:58,277
user_13,song_69,2025-03-29 12:20:58,112
user_13,song_8,2025-04-04 23:49:58,268
user_13,song_18,2025-04-07 19:58:58,239
user_13,song_94,2025-03-29 16:07:58,58
user_13,song_54,2025-04-03 15:44:58,272
user_13,song_93,2025-04-06 05:39:58,241
user_13,song_7,2025-04-05 15:38:58,60
user_13,song_29,2025-04-03 05:05:58,252
user_13,song_49,2025-04-01 18:34:58,119
user_13,song_67,2025-04-10 17:05:58,106
user_13,song_70,2025-04-05 21:58:58,114
user_13,song_73,2025-04-08 05:44:58,254
user_13,song_45,2025-04-10 22:03:58,91
user_13,song_60,2025-04-08 06:50:58,225
user_13,song_72,2025-03-31 13:50:58,250
user_13,song_79,2025-04-06 19:35:58,275
user_13,song_93,2025-04-04 07:19:58,41
user_13,song_70,2025-04-03 02:48:58,282
user_13,song_88,2025-04-02 10:12:58,292
user_13,song_21,2025-03-30 10:15:58,103
user_13,song_9,2025-03-29 07:33:58,299
user_13,song_88,2025-04-07 04:05:58,300
user_13,song_22,2025-03-29 08:01:58,140
user_13,song_97,2025-03-30 07:17:58,171
user_13,song_20,2025-04-06 01:09:58,297
user_13,song_10,2025-03-29 06:52:58,225
user_13,song_48,2025-04-08 02:43:58,182
user_13,song_85,2025-04-04 04:05:58,293
user_13,song_75,2025-04-02 07:07:58,240
user_13,song_29,2025-03-31 11:58:58,177
user_13,song_76,2025-04-03 16:31:58,48
user_13,song_95,2025-03-31 18:03:58,132
user_13,song_37,2025-03-31 15:13:58,91
user_13,song_8,2025-03-29 21:38:58,196
user_13,song_80,2025-04-09 22:48:58,109
user_13,song_80,2025-03-31 02:49:58,166
user_13,song_4,2025-04-05 06:33:58,204
user_13,song_41,2025-03-29 16:51:58,87
user_13,song_41,2025-04-02 02:36:58,108
user_13,song_81,2025-04-04 15:33:58,199
user_13,song_5,2025-04-02 10:30:58,170
user_13,song_98,2025-04-03 11:09:58,171
user_13,song_42,2025-03-30 01:27:58,300
user_13,song_54,2025-04-06 04:30:58,269
user_13,song_85,2025-04-02 08:16:58,260
user_13,song_31,2025-04-05 09:54:58,204
user_13,song_93,2025-04-06 22:22:58,186
user_13,song_31,2025-04-02 02:58:58,125
user_13,song_72,2025-04-01 21:58:58,219
user_13,song_77,2025-04-07 06:33:58,205
user_13,song_52,2025-03-28 18:07:58,158
user_13,song_45,2025-04-05 10:04:58,233
user_13,song_26,2025-04-10 07:11:58,138
user_13,song_45,2025-04-01 19:31:58,242
user_13,song_21,2025-04-05 05:00:58,42
user_13,song_9,2025-04-07 16:36:58,76
user_13,song_51,2025-04-07 04:38:58,277
user_13,song_96,2025-04-02 21:16:58,215
user_13,song_48,2025-04-09 08:13:58,144
user_13,song_25,2025-04-10 12:28:58,230
user_13,song_13,2025-03-31 03:33:58,276
user_13,song_18,2025-04-02 00:13:58,240
user_13,song_14,2025-04-06 22:45:58,128
user_13,song_71,2025-04-03 02:03:58,71
user_13,song_19,2025-04-03 00:42:58,46
user_13,song_75,2025-04-08 22:55:58,290
user_13,song_94,2025-04-10 18:24:58,197
user_13,song_30,2025-04-08 13:24:58,103
user_13,song_23,2025-04-06 08:54:58,103
user_13,song_77,2025-04-02 19:57:58,146
user_13,song_98,2025-04-02 03:49:58,128
user_13,song_53,2025-03-31 10:18:58,173
user_13,song_16,2025-03-29 13:43:58,227
user_13,song_36,2025-03-30 22:33:58,123
user_13,song_54,2025-04-08 08:17:58,174
user_13,song_61,2025-04-11 08:42:58,109
user_13,song_57,2025-03-30 17:22:58,243
user_13,song_67,2025-03-29 17:25:58,63
user_13,song_38,2025-04-01 14:55:58,159
user_13,song_61,2025-04-01 00:13:58,162
user_13,song_59,2025-04-05 16:27:58,177
user_13,song_5,2025-04-08 09:33:58,81
user_13,song_82,2025-03-31 03:06:58,168
user_13,song_68,2025-04-01 08:38:58,75
user_13,song_4,2025-04-10 23:36:58,68
user_13,song_92,2025-04-05 20:25:58,290
user_13,song_3,2025-03-29 10:41:58,43
user_13,song_2,2025-04-05 14:38:58,62
user_13,song_2,2025-03-29 14:26:58,214
user_13,song_5,2025-04-10 15:51:58,170
user_13,song_50,2025-03-29 06:50:58,185
user_13,song_30,2025-03-30 22:28:58,224
user_13,song_57,2025-04-08 19:33:58,224
user_13,song_88,2025-03-29 10:28:58,191
user_13,song_84,2025-04-05 12:05:58,216
user_13,song_94,2025-04-05 04:43:58,104
user_13,song_4,2025-04-09 17:32:58,289
user_13,song_18,2025-04-04 22:44:58,72
user_13,song_49,2025-04-03 15:28:58,85
user_13,song_97,2025-04-09 12:46:58,264
user_13,song_23,2025-04-07 10:50:58,121
user_13,song_36,2025-04-05 13:36:58,239
user_13,song_7,2025-04-06 05:10:58,215
user_13,song_68,2025-03-31 17:32:58,157
user_13,song_60,2025-04-07 03:04:58,129
user_13,song_46,2025-04-10 20:08:58,31
user_13,song_39,2025-04-06 14:52:58,149
user_13,song_18,2025-04-03 19:56:58,271
user_13,song_23,2025-04-07 22:14:58,186
user_13,song_38,2025-04-03 17:08:58,286
user_13,song_75,2025-04-06 04:43:58,71
user_14,song_30,2025-04-03 05:21:58,52
user_14,song_89,2025-04-09 08:56:58,135
user_14,song_28,2025-04-05 04:35:58,212
user_14,song_77,2025-03-30 10:36:58,36
user_14,song_41,2025-04-01 09:01:58,232
user_14,song_99,2025-03-30 12:52:58,208
user_14,song_58,2025-04-10 04:13:58,127
user_14,song_81,2025-04-01 01:36:58,140
user_14,song_92,2025-04-10 11:40:58,128
user_14,song_55,2025-04-01 22:03:58,88
user_14,song_59,2025-04-10 17:27:58,99
user_14,song_17,2025-04-10 09:09:58,236
user_14,song_30,2025-04-04 05:06:58,179
user_14,song_63,2025-04-07 06:24:58,142
user_14,song_18,2025-03-28 16:04:58,248
user_14,song_44,2025-04-05 00:26:58,193
user_14,song_31,2025-04-02 17:44:58,248
user_14,song_43,2025-04-05 19:55:58,119
user_14,song_55,2025-04-07 10:18:58,133
user_14,song_84,2025-04-09 05:51:58,285
user_14,song_53,2025-04-06 07:25:58,52
user_14,song_77,2025-04-11 13:28:58,56
user_14,song_81,2025-04-10 17:40:58,32
user_14,song_78,2025-04-10 22:01:58,189
user_14,song_77,2025-03-29 01:09:58,211
user_14,song_18,2025-04-10 16:52:58,150
user_14,song_71,2025-03-29 18:56:58,245
user_14,song_91,2025-04-01 16:50:58,237
user_14,song_56,2025-04-05 21:15:58,294
user_14,song_58,2025-04-08 06:25:58,180
user_14,song_21,2025-04-01 07:47:58,254
user_14,song_79,2025-03-29 11:26:58,169
user_14,song_31,2025-04-02 17:55:58,254
user_14,song_19,2025-03-30 16:56:58,228
user_14,song_20,2025-04-04 23:06:58,215
user_14,song_61,2025-03-29 16:04:58,249
user_14,song_90,2025-03-30 16:45:58,149
user_14,song_80,2025-04-04 21:18:58,34
user_14,song_30,2025-03-29 16:18:58,72
user_14,song_99,2025-04-04 04:11:58,57
user_14,song_97,2025-04-09 08:17:58,208
user_14,song_31,2025-04-04 13:36:58,92
user_14,song_16,2025-04-04 19:09:58,300
user_14,song_73,2025-04-03 23:23:58,100
user_14,song_72,2025-04-08 09:11:58,272
user_14,song_80,2025-04-04 08:40:58,135
user_14,song_4,2025-04-04 13:35:58,190
user_14,song_45,2025-03-30 19:42:58,129
user_14,song_38,2025-04-08 17:54:58,282
user_14,song_39,2025-04-04 16:06:58,246
user_14,song_90,2025-04-10 05:55:58,30
user_14,song_57,2025-04-10 21:11:58,129
user_14,song_75,2025-04-04 13:09:58,61
user_14,song_60,2025-04-01 06:27:58,252
user_14,song_91,2025-04-08 01:25:58,262
user_14,song_41,2025-04-05 17:51:58,256
user_14,song_91,2025-04-09 19:28:58,125
user_14,song_95,2025-03-30 05:28:58,277
user_14,song_78,2025-04-09 13:36:58,182
user_14,song_7,2025-04-08 08:06:58,240
user_14,song_24,2025-04-04 01:43:58,246
user_14,song_6,2025-03-30 11:45:58,259
user_14,song_26,2025-04-08 22:16:58,189
user_14,song_90,2025-04-07 05:40:58,174
user_14,song_72,2025-04-03 18:51:58,234
user_14,song_28,2025-04-07 09:40:58,250
user_14,song_61,2025-04-06 10:50:58,213
user_14,song_21,2025-04-08 09:10:58,264
user_14,song_7,2025-04-01 19:23:58,199
user_14,song_72,2025-04-07 06:22:58,72
user_14,song_33,2025-03-31 08:17:58,158
user_14,song_4,2025-04-01 06:23:58,267
user_14,song_49,2025-04-05 19:36:58,130
user_14,song_87,2025-04-06 19:51:58,219
user_14,song_54,2025-04-07 11:35:58,211
user_14,song_25,2025-04-09 03:12:58,46
user_14,song_85,2025-04-03 11:22:58,70
user_14,song_13,2025-04-10 14:06:58,158
user_14,song_46,2025-04-06 01:19:58,177
user_14,song_46,2025-04-07 08:15:58,47
user_14,song_89,2025-03-29 06:43:58,281
user_15,song_81,2025-03-28 18:44:58,192
user_15,song_98,2025-04-08 04:53:58,189
user_15,song_28,2025-03-29 08:07:58,47
user_15,song_69,2025-04-01 14:56:58,236
user_15,song_80,2025-04-05 08:17:58,290
user_15,song_54,2025-04-01 11:49:58,251
user_15,song_51,2025-03-29 20:38:58,80
user_15,song_2,2025-04-04 14:41:58,244
user_15,song_43,2025-04-02 01:51:58,129
user_15,song_5,2025-04-03 07:57:58,297
user_15,song_58,2025-04-09 05:04:58,131
user_15,song_73,2025-04-03 18:18:58,252
user_15,song_20,2025-04-02 07:03:58,46
user_15,song_82,2025-04-10 22:42:58,55
user_15,song_78,2025-04-06 02:51:58,208
user_15,song_20,2025-04-01 07:48:58,113
user_15,song_55,2025-04-11 12:01:58,36
user_15,song_99,2025-03-29 19:20:58,93
user_15,song_65,2025-04-04 16:54:58,115
user_15,song_93,2025-04-05 14:16:58,122
user_15,song_98,2025-04-06 15:14:58,44
user_15,song_9,2025-04-05 05:29:58,113
user_15,song_33,2025-04-11 13:31:58,288
user_15,song_73,2025-04-07 23:02:58,66
user_15,song_72,2025-03-30 20:50:58,43
user_15,song_90,2025-03-30 18:43:58,35
user_15,song_61,2025-03-30 07:00:58,39
user_15,song_20,2025-04-02 02:46:58,163
user_15,song_95,2025-04-08 03:38:58,192
user_15,song_46,2025-03-31 07:50:58,51
user_15,song_16,2025-04-09 07:50:58,162
user_15,song_51,2025-04-04 21:34:58,44
user_15,song_50,2025-04-04 16:07:58,202
user_15,song_99,2025-03-29 13:55:58,107
user_15,song_55,2025-04-08 23:22:58,64
user_15,song_21,2025-04-04 12:44:58,250
user_15,song_24,2025-03-30 17:17:58,114
user_15,song_46,2025-03-29 01:13:58,221
user_15,song_47,2025-04-03 07:40:58,102
user_15,song_28,2025-03-31 12:59:58,179
user_15,song_18,2025-03-28 18:26:58,251
user_15,song_52,2025-04-02 13:20:58,170
user_15,song_61,2025-04-09 00:28:58,275
user_15,song_63,2025-04-11 12:52:58,215
user_15,song_11,2025-04-01 18:41:58,149
user_15,song_36,2025-04-09 03:41:58,160
user_15,song_39,2025-04-05 19:52:58,175
user_15,song_60,2025-03-29 03:36:58,218
user_15,song_9,2025-04-09 05:01:58,147
user_15,song_68,2025-04-05 05:40:58,85
user_15,song_68,2025-04-02 13:13:58,40
user_15,song_68,2025-03-30 01:31:58,219
user_15,song_4,2025-04-04 02:22:58,264
user_15,song_33,2025-04-04 07:16:58,288
user_15,song_24,2025-04-08 01:55:58,260
user_15,song_23,2025-04-09 00:36:58,65
user_15,song_7,2025-04-08 17:16:58,103
user_15,song_73,2025-04-06 04:50:58,185
user_15,song_99,2025-04-08 05:23:58,201
user_15,song_13,2025-04-06 12:44:58,62
user_15,song_32,2025-03-29 09:56:58,267
user_15,song_31,2025-04-02 21:26:58,54
user_15,song_73,2025-04-07 03:17:58,62
user_15,song_84,2025-04-04 11:04:58,105
user_15,song_13,2025-04-10 13:24:58,224
user_15,song_42,2025-04-03 20:02:58,169
user_15,song_67,2025-04-05 19:44:58,154
user_15,song_89,2025-04-10 06:11:58,262
user_15,song_6,2025-04-06 14:20:58,192
user_15,song_92,2025-03-28 19:29:58,208
user_15,song_86,2025-03-31 21:50:58,32
user_15,song_7,2025-04-05 14:56:58,60
user_15,song_23,2025-04-10 17:22:58,152
user_15,song_23,2025-04-02 08:25:58,239
user_15,song_67,2025-04-03 08:38:58,171
user_15,song_94,2025-03-29 12:02:58,142
user_15,song_30,2025-04-11 00:26:58,103
user_15,song_18,2025-03-31 15:26:58,114
user_15,song_80,2025-04-09 19:26:58,272
user_15,song_6,2025-04-07 19:04:58,71
user_15,song_6,2025-04-01 14:01:58,93
user_15,song_44,2025-04-09 05:39:58,256
user_15,song_26,2025-04-03 21:04:58,168
user_15,song_11,2025-04-07 23:11:58,260
user_15,song_64,2025-04-10 03:47:58,253
user_15,song_56,2025-04-07 17:31:58,93
user_15,song_44,2025-04-07 16:07:58,36
user_15,song_80,2025-04-06 04:03:58,97
user_15,song_31,2025-04-07 02:08:58,178
user_15,song_64,2025-04-04 16:19:58,253
user_15,song_73,2025-04-04 21:56:58,276
user_15,song_44,2025-04-11 11:05:58,31
user_15,song_93,2025-03-31 07:33:58,292
user_15,song_36,2025-03-29 00:45:58,154
user_15,song_72,2025-03-29 12:00:58,130
user_15,song_90,2025-03-28 21:01:58,203
user_15,song_1,2025-04-04 05:13:58,94
user_15,song_77,2025-04-04 08:37:58,107
user_15,song_35,2025-04-10 13:07:58,250
user_15,song_89,2025-04-11 11:54:58,90
user_15,song_88,2025-04-09 23:33:58,139
user_15,song_19,2025-04-05 08:35:58,255
user_15,song_60,2025-04-07 05:26:58,172
user_15,song_99,2025-04-01 03:13:58,191
user_15,song_5,2025-03-29 14:49:58,171
user_15,song_40,2025-04-06 11:04:58,43
user_15,song_98,2025-04-08 11:53:58,47
user_15,song_54,2025-04-08 14:28:58,186
user_15,song_80,2025-04-10 09:31:58,39
user_15,song_43,2025-04-10 08:54:58,174
user_15,song_69,2025-04-10 20:36:58,127
user_15,song_48,2025-04-09 10:29:58,129
user_15,song_70,2025-04-01 10:32:58,66
user_15,song_6,2025-04-07 14:31:58,148
user_15,song_11,2025-04-04 08:55:58,131
user_15,song_95,2025-04-07 19:16:58,157
user_15,song_93,2025-04-06 13:22:58,75
user_15,song_14,2025-04-01 19:47:58,67
user_15,song_94,2025-04-04 11:28:58,35
user_15,song_18,2025-04-03 14:20:58,260
user_15,song_17,2025-04-10 12:07:58,123
user_15,song_18,2025-03-31 19:17:58,138
user_16,song_25,2025-04-03 13:40:58,220
user_16,song_98,2025-03-29 19:47:58,284
user_16,song_15,2025-04-02 16:36:58,211
user_16,song_9,2025-04-09 09:34:58,275
user_16,song_94,2025-03-28 23:08:58,260
user_16,song_69,2025-04-05 17:39:58,120
user_16,song_84,2025-04-10 10:40:58,57
user_16,song_34,2025-04-08 01:31:58,144
user_16,song_51,2025-04-10 18:46:58,201
user_16,song_50,2025-04-04 10:38:58,123
user_16,song_73,2025-04-03 09:31:58,168
user_16,song_27,2025-04-06 12:41:58,130
user_16,song_25,2025-03-31 11:06:58,257
user_16,song_47,2025-03-31 08:13:58,269
user_16,song_4,2025-04-06 15:49:58,217
user_16,song_66,2025-04-01 21:03:58,229
user_16,song_68,2025-04-08 20:46:58,203
user_16,song_16,2025-04-01 07:23:58,68
user_16,song_54,2025-04-02 14:04:58,116
user_16,song_67,2025-04-07 02:18:58,162
user_16,song_77,2025-03-30 17:40:58,36
user_16,song_98,2025-03-31 21:09:58,240
user_16,song_76,2025-03-30 00:11:58,212
user_16,song_78,2025-04-06 04:22:58,155
user_16,song_85,2025-04-04 18:27:58,143
user_16,song_94,2025-04-02 06:18:58,265
user_16,song_100,2025-03-29 19:42:58,221
user_16,song_31,2025-04-10 08:32:58,87
user_16,song_50,2025-04-05 04:23:58,51
user_16,song_91,2025-04-08 02:56:58,141
user_16,song_91,2025-04-04 05:38:58,283
user_16,song_65,2025-04-10 22:46:58,211
user_16,song_63,2025-03-29 04:31:58,174
user_16,song_24,2025-04-05 05:10:58,210
user_16,song_50,2025-04-11 07:06:58,84
user_16,song_8,2025-04-06 08:40:58,82
user_16,song_87,2025-03-30 17:50:58,257
user_16,song_97,2025-03-31 04:55:58,281
user_16,song_63,2025-04-11 11:05:58,102
user_16,song_91,2025-04-11 10:57:58,288
user_16,song_96,2025-04-01 11:02:58,118
user_16,song_83,2025-04-11 13:39:58,45
user_16,song_47,2025-03-31 21:38:58,102
user_16,song_5,2025-04-09 02:55:58,299
user_16,song_80,2025-04-04 10:55:58,73
user_16,song_75,2025-04-01 15:05:58,67
user_16,song_78,2025-04-07 16:33:58,166
user_16,song_11,2025-04-06 13:03:58,79
user_16,song_54,2025-04-02 05:34:58,280
user_16,song_93,2025-03-30 13:48:58,140
user_16,song_35,2025-04-02 06:10:58,69
user_16,song_96,2025-04-03 05:09:58,176
user_16,song_53,2025-03-31 08:09:58,100
user_16,song_75,2025-04-11 01:35:58,281
user_16,song_10,2025-04-05 12:57:58,175
user_16,song_58,2025-04-07 02:41:58,121
user_16,song_71,2025-04-11 10:56:58,105
user_16,song_46,2025-04-05 18:48:58,194
user_16,song_73,2025-04-03 06:39:58,187
user_16,song_20,2025-04-05 02:08:58,112
user_16,song_52,2025-04-02 01:29:58,279
user_16,song_88,2025-04-11 13:13:58,90
user_16,song_20,2025-04-06 20:32:58,50
user_16,song_64,2025-04-05 05:54:58,173
user_16,song_82,2025-03-31 19:47:58,275
user_16,song_15,2025-03-30 05:01:58,285
user_16,song_32,2025-04-01 03:00:58,125
user_16,song_80,2025-04-07 07:31:58,89
user_16,song_7,2025-04-01 05:04:58,291
user_16,song_52,2025-04-11 07:49:58,37
user_16,song_34,2025-03-30 14:44:58,223
user_16,song_17,2025-04-02 10:56:58,62
user_16,song_96,2025-04-10 21:30:58,35
user_16,song_10,2025-04-05 09:22:58,252
user_16,song_34,2025-03-30 07:11:58,223
user_16,song_86,2025-04-02 22:48:58,253
user_16,song_86,2025-04-08 16:29:58,199
user_16,song_82,2025-04-02 09:01:58,184
user_16,song_73,2025-04-04 08:55:58,237
user_16,song_60,2025-03-28 18:42:58,274
user_16,song_47,2025-03-28 21:38:58,147
user_16,song_38,2025-04-07 07:43:58,42
user_16,song_36,2025-04-01 17:34:58,66
user_16,song_87,2025-04-05 00:06:58,201
user_16,song_65,2025-04-05 08:35:58,81
user_16,song_18,2025-03-31 00:35:58,69
user_16,song_88,2025-04-04 01:10:58,242
user_16,song_61,2025-04-04 11:04:58,242
user_16,song_57,2025-03-30 20:07:58,295
user_16,song_1,2025-04-05 08:08:58,180
user_16,song_90,2025-03-29 09:02:58,175
user_16,song_19,2025-04-04 06:29:58,45
user_16,song_63,2025-03-31 02:05:58,57
user_17,song_20,2025-04-09 19:39:58,120
user_17,song_19,2025-04-10 07:25:58,277
user_17,song_6,2025-04-10 07:26:58,62
user_17,song_64,2025-04-03 19:26:58,56
user_17,song_98,2025-03-31 02:45:58,244
user_17,song_72,2025-04-11 00:28:58,280
user_17,song_21,2025-04-08 17:50:58,79
user_17,song_90,2025-04-07 21:10:58,220
user_17,song_30,2025-03-28 21:01:58,172
user_17,song_18,2025-04-05 20:12:58,179
user_17,song_83,2025-03-30 10:12:58,279
user_17,song_12,2025-04-04 15:11:58,273
user_17,song_12,2025-03-31 07:18:58,231
user_17,song_22,2025-03-31 17:39:58,84
user_17,song_96,2025-04-04 16:41:58,215
user_17,song_42,2025-03-30 10:18:58,294
user_17,song_88,2025-04-06 14:24:58,92
user_17,song_18,2025-04-10 19:15:58,40
user_17,song_84,2025-03-30 02:42:58,178
user_17,song_99,2025-04-03 20:47:58,230
user_17,song_99,2025-03-30 13:02:58,73
user_17,song_70,2025-03-28 16:04:58,181
user_17,song_63,2025-04-07 00:43:58,274
user_17,song_6,2025-04-03 22:46:58,139
user_17,song_51,2025-04-04 07:28:58,48
user_17,song_21,2025-04-04 04:47:58,95
user_17,song_8,2025-03-29 09:15:58,214
user_17,song_42,2025-04-01 13:47:58,43
user_17,song_27,2025-04-06 23:56:58,109
user_17,song_60,2025-04-10 20:38:58,76
user_17,song_51,2025-04-07 01:40:58,41
user_17,song_23,2025-04-08 18:42:58,220
user_17,song_66,2025-04-06 03:26:58,189
user_17,song_7,2025-04-01 08:07:58,166
user_17,song_40,2025-04-06 11:58:58,88
user_17,song_4,2025-04-06 11:13:58,279
user_17,song_28,2025-04-07 01:09:58,207
user_17,song_18,2025-04-04 06:38:58,189
user_17,song_81,2025-03-29 15:48:58,118
user_17,song_40,2025-04-11 04:58:58,269
user_17,song_57,2025-04-03 05:02:58,299
user_17,song_32,2025-04-05 09:28:58,268
user_17,song_95,2025-04-02 02:19:58,144
user_17,song_75,2025-04-04 05:22:58,171
user_17,song_44,2025-04-01 08:56:58,186
user_17,song_57,2025-04-09 05:16:58,117
user_17,song_83,2025-04-07 01:48:58,279
user_17,song_87,2025-04-07 03:29:58,227
user_17,song_32,2025-03-29 04:14:58,211
user_17,song_74,2025-04-07 17:44:58,214
user_17,song_79,2025-04-07 06:48:58,164
user_17,song_57,2025-04-05 22:14:58,72
user_17,song_66,2025-04-01 18:43:58,122
user_17,song_42,2025-04-01 13:58:58,38
user_17,song_50,2025-03-29 13:38:58,277
user_17,song_43,2025-04-11 15:11:58,245
user_17,song_61,2025-04-06 01:50:58,74
user_17,song_87,2025-04-07 15:21:58,79
user_17,song_71,2025-03-30 15:41:58,165
user_17,song_61,2025-04-05 13:20:58,249
user_17,song_93,2025-03-29 08:29:58,282
user_17,song_79,2025-03-28 18:42:58,150
user_17,song_97,2025-03-30 21:02:58,84
user_17,song_89,2025-04-05 04:21:58,270
user_17,song_40,2025-03-30 03:24:58,201
user_17,song_75,2025-04-01 04:35:58,62
user_17,song_54,2025-04-11 09:14:58,30
user_17,song_37,2025-04-07 23:53:58,263
user_17,song_41,2025-04-06 07:12:58,170
user_17,song_96,2025-04-06 17:26:58,187
user_17,song_80,2025-03-29 16:47:58,35
user_17,song_86,2025-04-02 09:55:58,119
user_17,song_24,2025-04-03 11:54:58,140
user_17,song_1,2025-04-04 13:41:58,113
user_17,song_40,2025-04-10 03:29:58,228
user_17,song_84,2025-04-01 14:40:58,199
user_17,song_19,2025-03-30 08:29:58,279
user_17,song_51,2025-04-05 01:24:58,251
user_17,song_9,2025-04-03 03:16:58,80
user_17,song_18,2025-04-04 07:24:58,167
user_17,song_17,2025-04-07 11:22:58,204
user_17,song_26,2025-04-08 15:00:58,42
user_17,song_91,2025-04-05 16:35:58,107
user_17,song_87,2025-04-08 12:48:58,127
user_17,song_95,2025-04-08 17:02:58,71
user_17,song_33,2025-04-04 15:26:58,192
user_17,song_7,2025-03-31 03:26:58,124
user_18,song_75,2025-04-05 16:59:58,201
user_18,song_51,2025-03-29 11:03:58,61
user_18,song_33,2025-03-31 12:53:58,105
user_18,song_76,2025-04-07 08:33:58,175
user_18,song_84,2025-03-29 20:09:58,148
user_18,song_55,2025-04-05 16:40:58,196
user_18,song_74,2025-04-04 05:01:58,269
user_18,song_11,2025-04-06 16:50:58,156
user_18,song_61,2025-04-04 00:09:58,87
user_18,song_14,2025-04-08 00:45:58,285
user_18,song_61,2025-04-11 08:18:58,121
user_18,song_61,2025-04-08 05:03:58,66
user_18,song_53,2025-04-02 23:09:58,246
user_18,song_2,2025-04-09 07:33:58,119
user_18,song_16,2025-04-03 05:55:58,31
user_18,song_19,2025-04-09 06:03:58,82
user_18,song_88,2025-04-10 00:56:58,146
user_18,song_92,2025-04-08 12:19:58,241
user_18,song_92,2025-04-01 00:58:58,80
user_18,song_11,2025-04-03 10:09:58,212
user_18,song_38,2025-04-11 00:18:58,102
user_18,song_62,2025-03-31 12:00:58,208
user_18,song_10,2025-03-29 21:02:58,241
user_18,song_82,2025-04-03 11:20:58,87
user_18,song_28,2025-03-30 05:50:58,131
user_18,song_8,2025-04-02 15:12:58,144
user_18,song_56,2025-03-30 17:35:58,242
user_18,song_18,2025-04-09 01:37:58,158
user_18,song_59,2025-04-03 16:51:58,74
user_18,song_86,2025-03-29 19:45:58,111
user_18,song_68,2025-03-30 16:28:58,209
user_18,song_66,2025-03-29 19:02:58,97
user_18,song_34,2025-04-05 03:29:58,279
user_18,song_6,2025-04-03 12:44:58,180
user_18,song_84,2025-04-05 06:49:58,237
user_18,song_11,2025-04-10 12:43:58,255
user_18,song_67,2025-04-09 03:59:58,89
user_18,song_39,2025-04-02 03:44:58,121
user_18,song_70,2025-04-04 23:12:58,108
user_18,song_82,2025-03-29 00:32:58,79
user_18,song_61,2025-04-08 00:33:58,132
user_18,song_4,2025-03-29 03:04:58,252
user_18,song_83,2025-04-06 15:37:58,90
user_18,song_8,2025-04-05 00:26:58,83
user_18,song_3,2025-04-05 02:37:58,181
user_18,song_18,2025-04-03 18:42:58,206
user_18,song_43,2025-04-05 05:48:58,156
user_18,song_34,2025-04-05 01:51:58,279
user_18,song_88,2025-04-05 14:52:58,146
user_18,song_25,2025-04-03 16:26:58,263
user_18,song_56,2025-04-08 03:14:58,111
user_18,song_54,2025-03-31 01:58:58,244
user_18,song_36,2025-03-31 23:38:58,165
user_18,song_90,2025-03-28 22:59:58,94
user_18,song_81,2025-04-02 23:51:58,215
user_18,song_86,2025-04-03 01:18:58,257
user_18,song_34,2025-04-07 21:25:58,247
user_18,song_50,2025-04-06 01:13:58,297
user_18,song_59,2025-04-04 03:52:58,63
user_18,song_55,2025-04-02 19:27:58,224
user_18,song_16,2025-04-03 19:06:58,145
user_18,song_7,2025-04-03 03:28:58,284
user_18,song_57,2025-04-09 13:09:58,89
user_18,song_33,2025-04-08 19:07:58,270
user_18,song_57,2025-04-09 14:46:58,275
user_18,song_19,2025-04-09 03:57:58,134
user_18,song_22,2025-03-31 03:12:58,79
user_18,song_98,2025-04-04 12:45:58,147
user_18,song_91,2025-04-11 05:09:58,201
user_18,song_1,2025-04-10 06:02:58,69
user_18,song_64,2025-03-30 04:34:58,274
user_18,song_89,2025-04-01 01:38:58,290
user_18,song_24,2025-04-06 18:48:58,71
user_18,song_53,2025-04-01 01:35:58,140
user_18,song_11,2025-04-10 04:52:58,226
user_18,song_99,2025-04-01 07:49:58,176
user_18,song_85,2025-04-08 05:34:58,70
user_18,song_13,2025-04-10 17:41:58,39
user_18,song_26,2025-04-02 18:31:58,31
user_18,song_53,2025-03-29 08:15:58,204
user_18,song_29,2025-04-04 17:33:58,149
user_18,song_85,2025-04-04 04:30:58,193
user_18,song_19,2025-04-02 06:30:58,183
user_18,song_83,2025-04-08 13:54:58,178
user_18,song_67,2025-03-29 10:45:58,159
user_18,song_8,2025-03-31 19:10:58,156
user_18,song_80,2025-04-01 00:37:58,210
user_18,song_25,2025-04-07 16:06:58,272
user_18,song_9,2025-04-01 19:41:58,186
user_18,song_6,2025-04-05 07:20:58,155
user_18,song_50,2025-04-10 23:48:58,281
user_19,song_50,2025-04-03 04:44:58,258
user_19,song_55,2025-04-01 13:27:58,61
user_19,song_39,2025-04-07 17:23:58,118
user_19,song_37,2025-03-30 00:16:58,152
user_19,song_56,2025-03-31 05:37:58,91
user_19,song_81,2025-04-11 04:45:58,203
user_19,song_59,2025-04-06 09:36:58,255
user_19,song_23,2025-03-31 01:55:58,174
user_19,song_62,2025-04-04 14:59:58,50
user_19,song_86,2025-04-02 00:23:58,232
user_19,song_83,2025-04-09 11:23:58,215
user_19,song_5,2025-03-30 14:44:58,77
user_19,song_76,2025-03-31 06:08:58,226
user_19,song_8,2025-04-05 23:23:58,64
user_19,song_18,2025-03-28 17:21:58,226
user_19,song_5,2025-04-04 00:19:58,59
user_19,song_43,2025-03-28 16:41:58,36
user_19,song_19,2025-04-07 06:41:58,32
user_19,song_31,2025-04-07 06:54:58,84
user_19,song_66,2025-04-05 22:05:58,143
user_19,song_37,2025-04-08 19:01:58,296
user_19,song_24,2025-04-05 17:35:58,90
user_19,song_88,2025-04-09 05:27:58,228
user_19,song_70,2025-04-02 09:27:58,53
user_19,song_30,2025-04-07 03:46:58,121
user_19,song_79,2025-04-06 15:10:58,141
user_19,song_98,2025-03-31 01:16:58,105
user_19,song_2,2025-03-29 10:06:58,280
user_19,song_80,2025-04-02 04:47:58,52
user_19,song_41,2025-03-29 21:47:58,175
user_19,song_37,2025-03-29 01:46:58,63
user_19,song_47,2025-04-05 11:50:58,124
user_19,song_92,2025-04-07 22:31:58,289
user_19,song_46,2025-04-01 13:50:58,166
user_19,song_84,2025-04-04 07:07:58,179
user_19,song_66,2025-04-08 13:41:58,239
user_19,song_35,2025-04-02 09:54:58,60
user_19,song_37,2025-04-01 17:37:58,222
user_19,song_77,2025-03-29 19:40:58,54
user_19,song_33,2025-04-02 07:51:58,171
user_19,song_30,2025-04-09 22:25:58,297
user_19,song_31,2025-04-10 04:23:58,112
user_19,song_85,2025-04-04 12:07:58,169
user_19,song_51,2025-03-29 19:27:58,97
user_19,song_11,2025-04-01 04:42:58,119
user_19,song_87,2025-04-07 17:47:58,270
user_19,song_24,2025-04-11 02:58:58,68
user_19,song_94,2025-04-07 14:41:58,275
user_19,song_33,2025-04-03 08:48:58,129
user_19,song_96,2025-04-03 10:49:58,189
user_19,song_77,2025-04-08 15:29:58,200
user_19,song_91,2025-04-02 12:12:58,116
user_19,song_85,2025-04-05 22:07:58,199
user_19,song_41,2025-04-10 07:14:58,112
user_19,song_16,2025-03-30 08:26:58,296
user_19,song_99,2025-04-07 09:14:58,81
user_19,song_9,2025-04-02 03:31:58,188
user_19,song_73,2025-04-09 10:32:58,228
user_19,song_96,2025-04-09 20:05:58,126
user_19,song_37,2025-04-07 09:37:58,115
user_19,song_9,2025-04-11 04:28:58,290
user_19,song_95,2025-04-05 20:38:58,64
user_19,song_55,2025-04-02 23:11:58,115
user_19,song_78,2025-04-05 07:02:58,284
user_19,song_27,2025-04-11 02:12:58,212
user_19,song_77,2025-04-11 11:29:58,224
user_19,song_47,2025-04-01 10:04:58,291
user_19,song_37,2025-04-08 17:01:58,76
user_19,song_11,2025-04-03 17:43:58,244
user_19,song_34,2025-04-08 21:45:58,266
user_19,song_30,2025-04-04 19:11:58,35
user_19,song_25,2025-04-03 05:13:58,277
user_19,song_80,2025-04-04 13:01:58,37
user_19,song_34,2025-04-10 09:27:58,177
user_19,song_33,2025-04-05 15:09:58,288
user_19,song_52,2025-03-31 14:10:58,243
user_19,song_74,2025-03-29 01:54:58,70
user_19,song_95,2025-03-30 03:59:58,193
user_19,song_57,2025-03-30 05:42:58,49
user_19,song_18,2025-04-04 05:30:58,87
user_19,song_81,2025-04-05 18:10:58,60
user_19,song_3,2025-03-29 07:22:58,172
user_19,song_66,2025-04-04 15:52:58,203
user_19,song_11,2025-04-08 21:04:58,33
user_19,song_51,2025-04-06 22:56:58,281
user_19,song_88,2025-04-05 18:38:58,77
user_19,song_62,2025-04-02 11:51:58,206
user_19,song_75,2025-03-29 10:39:58,65
user_19,song_84,2025-03-30 08:02:58,173
user_19,song_90,2025-04-09 23:48:58,154
user_19,song_49,2025-04-04 11:47:58,279
user_19,song_31,2025-03-31 17:46:58,281
user_19,song_32,2025-04-01 13:46:58,55
user_19,song_30,2025-04-01 02:14:58,130
user_19,song_87,2025-03-30 21:43:58,174
user_19,song_64,2025-03-30 08:30:58,144
user_19,song_31,2025-04-05 08:52:58,50
user_19,song_26,2025-04-07 08:57:58,48
user_19,song_98,2025-04-10 06:53:58,48
user_19,song_61,2025-03-31 13:40:58,216
user_19,song_60,2025-04-06 19:19:58,182
user_19,song_42,2025-04-04 20:32:58,131
user_19,song_13,2025-04-01 15:39:58,169
user_19,song_26,2025-03-31 06:46:58,66
user_19,song_7,2025-03-28 23:00:58,281
user_19,song_16,2025-04-08 20:11:58,234
user_19,song_46,2025-04-04 17:08:58,163
user_19,song_73,2025-04-09 15:48:58,114
user_19,song_23,2025-03-30 10:11:58,171
user_19,song_83,2025-04-05 09:34:58,283
user_19,song_72,2025-04-07 02:30:58,236
user_19,song_74,2025-03-31 09:26:58,40
user_19,song_56,2025-03-31 14:13:58,147
user_19,song_27,2025-04-06 17:58:58,30
user_19,song_67,2025-04-01 09:10:58,237
user_19,song_13,2025-04-09 15:06:58,101
user_19,song_13,2025-04-08 01:20:58,279
user_19,song_71,2025-03-29 00:04:58,116
user_19,song_26,2025-04-03 00:13:58,259
user_19,song_41,2025-03-30 23:16:58,38
user_19,song_43,2025-03-30 04:28:58,42
user_20,song_99,2025-04-04 14:35:58,126
user_20,song_20,2025-04-06 16:13:58,294
user_20,song_48,2025-04-01 12:53:58,236
user_20,song_24,2025-04-08 04:47:58,277
user_20,song_39,2025-04-02 21:03:58,44
user_20,song_88,2025-03-31 05:40:58,248
user_20,song_96,2025-04-09 21:57:58,217
user_20,song_49,2025-04-05 18:01:58,231
user_20,song_46,2025-03-30 13:52:58,130
user_20,song_11,2025-03-31 23:01:58,55
user_20,song_38,2025-04-08 02:22:58,231
user_20,song_73,2025-04-11 08:08:58,124
user_20,song_85,2025-04-03 12:13:58,166
user_20,song_19,2025-04-06 21:32:58,266
user_20,song_20,2025-03-28 21:41:58,118
user_20,song_4,2025-04-09 08:54:58,67
user_20,song_56,2025-04-10 22:48:58,286
user_20,song_7,2025-03-28 20:37:58,239
user_20,song_72,2025-04-08 01:09:58,264
user_20,song_84,2025-03-31 08:19:58,275
user_20,song_29,2025-04-10 21:39:58,251
user_20,song_46,2025-03-31 06:01:58,297
user_20,song_14,2025-04-03 07:18:58,279
user_20,song_92,2025-04-09 08:09:58,165
user_20,song_73,2025-04-07 19:45:58,214
user_20,song_26,2025-04-08 11:52:58,154
user_20,song_94,2025-04-02 02:27:58,42
user_20,song_85,2025-04-02 14:49:58,206
user_20,song_54,2025-03-28 16:12:58,201
user_20,song_12,2025-04-08 12:39:58,207
user_20,song_2,2025-04-10 15:37:58,294
user_20,song_87,2025-04-06 17:54:58,288
user_20,song_64,2025-04-05 02:16:58,154
user_20,song_93,2025-04-11 07:22:58,291
user_20,song_95,2025-04-01 20:06:58,299
user_20,song_19,2025-04-09 02:30:58,70
user_20,song_44,2025-03-29 03:02:58,131
user_20,song_85,2025-04-08 05:50:58,91
user_20,song_7,2025-04-09 18:58:58,109
user_20,song_32,2025-03-29 03:35:58,270
user_20,song_17,2025-04-03 17:54:58,100
user_20,song_10,2025-04-10 03:44:58,132
user_20,song_98,2025-04-05 07:18:58,110
user_20,song_8,2025-04-10 21:37:58,199
user_20,song_93,2025-04-10 07:14:58,122
user_20,song_42,2025-04-11 03:05:58,234
user_20,song_75,2025-03-28 23:35:58,52
user_20,song_100,2025-03-30 11:51:58,276
user_20,song_77,2025-04-03 06:12:58,107
user_20,song_32,2025-04-08 23:19:58,290
user_20,song_58,2025-04-02 21:17:58,136
user_20,song_24,2025-04-11 04:25:58,208
user_20,song_73,2025-04-03 06:50:58,52
user_20,song_51,2025-04-06 01:51:58,96
user_20,song_8,2025-03-28 18:01:58,80
user_20,song_52,2025-03-30 00:38:58,165
user_20,song_56,2025-04-11 14:36:58,182
user_20,song_59,2025-04-07 00:49:58,157
user_20,song_37,2025-04-09 04:59:58,83
user_20,song_91,2025-03-31 08:20:58,131
user_20,song_2,2025-03-30 13:31:58,122
user_20,song_72,2025-04-10 04:27:58,136
user_20,song_96,2025-04-11 14:28:58,111
user_20,song_14,2025-03-30 23:52:58,100
user_20,song_85,2025-04-10 18:23:58,279
user_20,song_66,2025-04-04 01:56:58,270
user_20,song_54,2025-04-06 17:17:58,47
user_20,song_30,2025-04-08 15:43:58,112
user_20,song_75,2025-03-29 10:35:58,258
user_20,song_49,2025-03-30 23:29:58,235
user_20,song_2,2025-04-03 14:00:58,67
user_20,song_90,2025-04-02 21:38:58,273
user_20,song_14,2025-03-29 10:03:58,272
user_20,song_90,2025-04-05 08:55:58,65
user_20,song_88,2025-04-05 16:44:58,205
user_20,song_89,2025-04-01 13:20:58,31
user_20,song_6,2025-04-05 15:07:58,132
user_20,song_60,2025-03-30 21:55:58,250
user_20,song_79,2025-04-08 19:18:58,72
user_20,song_5,2025-04-05 00:24:58,261
user_20,song_100,2025-03-29 01:15:58,255
user_20,song_77,2025-04-11 06:56:58,141
user_20,song_80,2025-04-08 05:17:58,137
user_20,song_44,2025-03-31 12:09:58,132
user_20,song_88,2025-04-01 07:43:58,167
user_20,song_53,2025-03-31 04:32:58,35
user_20,song_94,2025-04-09 22:59:58,108
user_20,song_4,2025-04-04 06:15:58,266
user_20,song_90,2025-03-30 04:03:58,299
user_20,song_77,2025-04-10 19:33:58,240
user_20,song_98,2025-04-08 14:34:58,238
user_20,song_19,2025-04-08 14:59:58,94
user_20,song_89,2025-03-28 16:16:58,187
user_20,song_66,2025-04-02 14:15:58,117
user_20,song_18,2025-03-29 03:46:58,232
user_20,song_18,2025-04-08 23:28:58,198
user_20,song_26,2025-04-02 15:11:58,173
user_20,song_96,2025-03-31 11:38:58,152
user_20,song_32,2025-04-11 10:08:58,266
user_20,song_91,2025-04-05 01:40:58,222
user_20,song_12,2025-04-08 05:45:58,112
user_20,song_85,2025-04-03 20:25:58,53
user_20,song_54,2025-04-07 08:24:58,120
user_20,song_21,2025-04-11 07:26:58,227
user_20,song_71,2025-04-11 06:37:58,269
user_20,song_11,2025-04-05 06:16:58,160
user_20,song_88,2025-04-07 21:47:58,60
user_20,song_16,2025-04-08 20:55:58,227
user_20,song_67,2025-04-06 02:44:58,200
user_20,song_86,2025-04-03 20:08:58,107
user_20,song_96,2025-04-01 06:32:58,106
user_20,song_98,2025-03-29 16:41:58,132
user_20,song_74,2025-04-01 22:38:58,49
user_20,song_15,2025-04-07 23:21:58,237
user_20,song_87,2025-03-29 05:39:58,115
user_20,song_24,2025-03-30 22:18:58,115
user_20,song_71,2025-04-10 21:52:58,83
user_20,song_66,2025-04-03 04:00:58,300
user_20,song_69,2025-04-09 10:24:58,104
user_20,song_44,2025-04-08 12:18:58,74
user_20,song_20,2025-04-03 16:56:58,212
user_20,song_73,2025-03-30 21:07:58,76
user_20,song_24,2025-04-07 09:19:58,229
user_20,song_91,2025-04-06 22:33:58,216
user_20,song_32,2025-03-31 12:16:58,91
user_20,song_21,2025-04-09 22:09:58,141
user_20,song_75,2025-04-03 14:43:58,35
user_20,song_46,2025-04-05 04:44:58,261
user_20,song_62,2025-04-05 11:41:58,87
user_20,song_40,2025-04-03 12:43:58,69
user_20,song_60,2025-04-05 20:20:58,173
user_20,song_96,2025-03-28 18:10:58,300
user_20,song_30,2025-04-08 07:09:58,288
user_20,song_40,2025-04-05 01:19:58,220
user_20,song_15,2025-04-05 16:57:58,190
user_20,song_48,2025-03-29 06:43:58,211
user_20,song_71,2025-03-30 03:18:58,166
user_20,song_16,2025-04-11 12:41:58,129
user_20,song_25,2025-04-03 05:15:58,107
user_20,song_56,2025-04-01 11:44:58,185
user_20,song_61,2025-04-11 09:58:58,169
user_20,song_61,2025-03-31 18:37:58,145
user_20,song_28,2025-04-02 14:02:58,92
user_20,song_43,2025-03-31 19:57:58,187
user_20,song_23,2025-03-31 14:31:58,227
