song_id,title,duration_sec
song_1,Song Title 1,134.42857142857142
song_10,Song Title 10,159.71428571428572
song_100,Song Title 100,186.52941176470588
song_11,Song Title 11,168.78125
song_12,Song Title 12,176.64285714285714
song_13,Song Title 13,165.34615384615384
song_14,Song Title 14,171.88888888888889
song_15,Song Title 15,177.04347826086956
song_16,Song Title 16,199.0
song_17,Song Title 17,177.5625
song_18,Song Title 18,175.6530612244898
song_19,Song Title 19,146.52380952380952
song_2,Song Title 2,191.44444444444446
song_20,Song Title 20,175.93548387096774
song_21,Song Title 21,152.6818181818182
song_22,Song Title 22,135.21428571428572
song_23,Song Title 23,159.5
song_24,Song Title 24,147.76923076923077
song_25,Song Title 25,182.52
song_26,Song Title 26,161.7
song_27,Song Title 27,156.13333333333333
song_28,Song Title 28,168.35714285714286
song_29,Song Title 29,182.64285714285714
song_3,Song Title 3,138.22727272727272
song_30,Song Title 30,165.79166666666666
song_31,Song Title 31,158.68421052631578
song_32,Song Title 32,189.85
song_33,Song Title 33,189.61111111111111
song_34,Song Title 34,162.96666666666667
song_35,Song Title 35,168.875
song_36,Song Title 36,162.1764705882353
song_37,Song Title 37,139.23809523809524
song_38,Song Title 38,146.88888888888889
song_39,Song Title 39,179.04545454545453
song_4,Song Title 4,198.0
song_40,Song Title 40,170.92
song_41,Song Title 41,179.15384615384616
song_42,Song Title 42,176.77272727272728
song_43,Song Title 43,164.6764705882353
song_44,Song Title 44,143.47826086956522
song_45,Song Title 45,168.42105263157896
song_46,Song Title 46,149.10526315789474
song_47,Song Title 47,173.53333333333333
song_48,Song Title 48,182.4375
song_49,Song Title 49,170.84
song_5,Song Title 5,176.5
song_50,Song Title 50,183.21052631578948
song_51,Song Title 51,133.0
song_52,Song Title 52,138.26666666666668
song_53,Song Title 53,133.6
song_54,Song Title 54,187.625
song_55,Song Title 55,143.94117647058823
song_56,Song Title 56,165.68421052631578
song_57,Song Title 57,177.85
song_58,Song Title 58,149.23076923076923
song_59,Song Title 59,166.7391304347826
song_6,Song Title 6,170.34615384615384
song_60,Song Title 60,179.63636363636363
song_61,Song Title 61,165.78571428571428
song_62,Song Title 62,121.5
song_63,Song Title 63,164.8918918918919
song_64,Song Title 64,162.26315789473685
song_65,Song Title 65,168.0909090909091
song_66,Song Title 66,165.1818181818182
song_67,Song Title 67,147.63636363636363
song_68,Song Title 68,126.0
song_69,Song Title 69,165.41666666666666
song_7,Song Title 7,164.22222222222223
song_70,Song Title 70,138.8235294117647
song_71,Song Title 71,151.1875
song_72,Song Title 72,167.3
song_73,Song Title 73,149.10714285714286
song_74,Song Title 74,170.3
song_75,Song Title 75,163.6551724137931
song_76,Song Title 76,169.2
song_77,Song Title 77,136.8709677419355
song_78,Song Title 78,170.0
song_79,Song Title 79,163.10526315789474
song_8,Song Title 8,161.0
song_80,Song Title 80,138.3448275862069
song_81,Song Title 81,154.94736842105263
song_82,Song Title 82,143.2
song_83,Song Title 83,159.04347826086956
song_84,Song Title 84,165.52173913043478
song_85,Song Title 85,143.63333333333333
song_86,Song Title 86,150.44444444444446
song_87,Song Title 87,165.45945945945945
song_88,Song Title 88,181.85714285714286
song_89,Song Title 89,178.1
song_9,Song Title 9,206.61111111111111
song_90,Song Title 90,155.6153846153846
song_91,Song Title 91,189.30434782608697
song_92,Song Title 92,172.1875
song_93,Song Title 93,148.79166666666666
song_94,Song Title 94,140.73684210526315
song_95,Song Title 95,155.66666666666666
song_96,Song Title 96,151.0
song_97,Song Title 97,156.57142857142858
song_98,Song Title 98,155.53333333333333
song_99,Song Title 99,143.1153846153846
